gid,authoritativeCounty,authoritativeSubCounty,authoritativeWard,databaseWardId,databaseWardName,databaseCountyId,databaseCountyName,databaseSubCountyId,databaseSubCountyName,countyExact,countyNormalized,subCountyExact,subCountyNormalized,classification,reason
2044,Nairobi,Ruaraka  Sub County,Mathare North Ward,1616,Mathare North Ward,79,Nairobi City,405,Ruaraka  Sub County,false,false,true,true,SOURCE_DB_CONTRADICTION,Authoritative county does not match the database County reached through Ward.sourceGid.
2047,Nairobi,Embakasi South Sub County,Imara Daima Ward,1619,Imara Daima Ward,79,Nairobi City,407,Embakasi South Sub County,false,false,true,true,SOURCE_DB_CONTRADICTION,Authoritative county does not match the database County reached through Ward.sourceGid.
781,BARINGO,Tiaty Sub County,Tirioko Ward,1837,Tirioko Ward,90,Baringo,757,Tiaty East,false,true,false,false,UNRESOLVED,Authoritative SubCounty name does not normalize to the actual database SubCounty reached through Ward.sourceGid.
782,BARINGO,Tiaty Sub County,Kolowa Ward,1838,Kolowa Ward,90,Baringo,757,Tiaty East,false,true,false,false,UNRESOLVED,Authoritative SubCounty name does not normalize to the actual database SubCounty reached through Ward.sourceGid.
783,BARINGO,Tiaty Sub County,Ribkwo Ward,1839,Ribkwo Ward,90,Baringo,757,Tiaty East,false,true,false,false,UNRESOLVED,Authoritative SubCounty name does not normalize to the actual database SubCounty reached through Ward.sourceGid.
784,BARINGO,Tiaty Sub County,Silale Ward,1840,Silale Ward,90,Baringo,757,Tiaty East,false,true,false,false,UNRESOLVED,Authoritative SubCounty name does not normalize to the actual database SubCounty reached through Ward.sourceGid.
785,BARINGO,Tiaty Sub County,Loiyamorok Ward,1841,Loiyamorok Ward,90,Baringo,757,Tiaty East,false,true,false,false,UNRESOLVED,Authoritative SubCounty name does not normalize to the actual database SubCounty reached through Ward.sourceGid.
2008,Nairobi,Westlands  Sub County,Parklands/highridge Ward,1943,Parklands/highridge Ward,79,Nairobi City,486,Westlands  Sub County,false,false,true,true,SOURCE_DB_CONTRADICTION,Authoritative county does not match the database County reached through Ward.sourceGid.
2012,Nairobi,Dagoretti North Sub County,Kilimani Ward,1944,Kilimani Ward,79,Nairobi City,487,Dagoretti North Sub County,false,false,true,true,SOURCE_DB_CONTRADICTION,Authoritative county does not match the database County reached through Ward.sourceGid.
2015,Nairobi,Dagoretti North Sub County,Kileleshwa Ward,1945,Kileleshwa Ward,79,Nairobi City,487,Dagoretti North Sub County,false,false,true,true,SOURCE_DB_CONTRADICTION,Authoritative county does not match the database County reached through Ward.sourceGid.
2030,Nairobi,Kibra  Sub County,Woodley/kenyatta Golf Course Ward,1957,Woodley/kenyatta Golf Course Ward,79,Nairobi City,1576,Kibra,false,false,false,true,SOURCE_DB_CONTRADICTION,Authoritative county does not match the database County reached through Ward.sourceGid.
2034,Nairobi,Roysambu  Sub County,Zimmerman Ward,1965,Zimmerman Ward,79,Nairobi City,492,Roysambu  Sub County,false,false,true,true,SOURCE_DB_CONTRADICTION,Authoritative county does not match the database County reached through Ward.sourceGid.
2035,Nairobi,Roysambu  Sub County,Roysambu Ward,1966,Roysambu Ward,79,Nairobi City,492,Roysambu  Sub County,false,false,true,true,SOURCE_DB_CONTRADICTION,Authoritative county does not match the database County reached through Ward.sourceGid.
2038,Nairobi,Kasarani  Sub County,Mwiki Ward,1967,Mwiki Ward,79,Nairobi City,1575,Kasarani,false,false,false,true,SOURCE_DB_CONTRADICTION,Authoritative county does not match the database County reached through Ward.sourceGid.
2039,Nairobi,Kasarani  Sub County,Kasarani Ward,1968,Kasarani Ward,79,Nairobi City,1575,Kasarani,false,false,false,true,SOURCE_DB_CONTRADICTION,Authoritative county does not match the database County reached through Ward.sourceGid.
2045,Nairobi,Ruaraka  Sub County,Lucky Summer Ward,1970,Lucky Summer Ward,79,Nairobi City,405,Ruaraka  Sub County,false,false,true,true,SOURCE_DB_CONTRADICTION,Authoritative county does not match the database County reached through Ward.sourceGid.
2046,Nairobi,Ruaraka  Sub County,Korogocho Ward,1971,Korogocho Ward,79,Nairobi City,405,Ruaraka  Sub County,false,false,true,true,SOURCE_DB_CONTRADICTION,Authoritative county does not match the database County reached through Ward.sourceGid.
2050,Nairobi,Embakasi South Sub County,Pipeline Ward,1974,Pipeline Ward,79,Nairobi City,407,Embakasi South Sub County,false,false,true,true,SOURCE_DB_CONTRADICTION,Authoritative county does not match the database County reached through Ward.sourceGid.
2063,Nairobi,Embakasi East Sub County,Lower Savanna Ward,2050,Lower Savanna Ward,79,Nairobi City,509,Embakasi East Sub County,false,false,true,true,SOURCE_DB_CONTRADICTION,Authoritative county does not match the database County reached through Ward.sourceGid.
2064,Nairobi,Embakasi East Sub County,Embakasi Ward,2051,Embakasi Ward,79,Nairobi City,509,Embakasi East Sub County,false,false,true,true,SOURCE_DB_CONTRADICTION,Authoritative county does not match the database County reached through Ward.sourceGid.
2065,Nairobi,Embakasi East Sub County,Utawala Ward,2052,Utawala Ward,79,Nairobi City,509,Embakasi East Sub County,false,false,true,true,SOURCE_DB_CONTRADICTION,Authoritative county does not match the database County reached through Ward.sourceGid.
2066,Nairobi,Embakasi East Sub County,Mihango Ward,2053,Mihango Ward,79,Nairobi City,509,Embakasi East Sub County,false,false,true,true,SOURCE_DB_CONTRADICTION,Authoritative county does not match the database County reached through Ward.sourceGid.
2072,Nairobi,Makadara  Sub County,Viwandani Ward,2056,Viwandani Ward,79,Nairobi City,1578,Makadara,false,false,false,true,SOURCE_DB_CONTRADICTION,Authoritative county does not match the database County reached through Ward.sourceGid.
2073,Nairobi,Makadara  Sub County,Harambee Ward,2057,Harambee Ward,79,Nairobi City,1578,Makadara,false,false,false,true,SOURCE_DB_CONTRADICTION,Authoritative county does not match the database County reached through Ward.sourceGid.
2077,Nairobi,Kamukunji  Sub County,Eastleigh South Ward,2058,Eastleigh South Ward,79,Nairobi City,1574,Kamukunji,false,false,false,true,SOURCE_DB_CONTRADICTION,Authoritative county does not match the database County reached through Ward.sourceGid.
2013,Nairobi,Dagoretti North Sub County,Kawangware Ward,2064,Kawangware Ward,79,Nairobi City,487,Dagoretti North Sub County,false,false,true,true,SOURCE_DB_CONTRADICTION,Authoritative county does not match the database County reached through Ward.sourceGid.
2084,Nairobi,Starehe  Sub County,Landimawe Ward,2065,Landimawe Ward,79,Nairobi City,513,Starehe  Sub County,false,false,true,true,SOURCE_DB_CONTRADICTION,Authoritative county does not match the database County reached through Ward.sourceGid.
2085,Nairobi,Starehe  Sub County,Nairobi South Ward,2066,Nairobi South Ward,79,Nairobi City,513,Starehe  Sub County,false,false,true,true,SOURCE_DB_CONTRADICTION,Authoritative county does not match the database County reached through Ward.sourceGid.
2088,Nairobi,Mathare  Sub County,Huruma Ward,2067,Huruma Ward,79,Nairobi City,1579,Mathare,false,false,false,true,SOURCE_DB_CONTRADICTION,Authoritative county does not match the database County reached through Ward.sourceGid.
2016,Nairobi,Dagoretti North Sub County,Kabiro Ward,2116,Kabiro Ward,79,Nairobi City,487,Dagoretti North Sub County,false,false,true,true,SOURCE_DB_CONTRADICTION,Authoritative county does not match the database County reached through Ward.sourceGid.
2017,Nairobi,Dagoretti South Sub County,Mutu-ini Ward,2117,Mutu-ini Ward,79,Nairobi City,524,Dagoretti South Sub County,false,false,true,true,SOURCE_DB_CONTRADICTION,Authoritative county does not match the database County reached through Ward.sourceGid.
2018,Nairobi,Dagoretti South Sub County,Ngando Ward,2118,Ngando Ward,79,Nairobi City,524,Dagoretti South Sub County,false,false,true,true,SOURCE_DB_CONTRADICTION,Authoritative county does not match the database County reached through Ward.sourceGid.
2019,Nairobi,Dagoretti South Sub County,Riruta Ward,2119,Riruta Ward,79,Nairobi City,524,Dagoretti South Sub County,false,false,true,true,SOURCE_DB_CONTRADICTION,Authoritative county does not match the database County reached through Ward.sourceGid.
2020,Nairobi,Dagoretti South Sub County,Uthiru/ruthimitu Ward,2120,Uthiru/ruthimitu Ward,79,Nairobi City,524,Dagoretti South Sub County,false,false,true,true,SOURCE_DB_CONTRADICTION,Authoritative county does not match the database County reached through Ward.sourceGid.
2021,Nairobi,Dagoretti South Sub County,Waithaka Ward,2121,Waithaka Ward,79,Nairobi City,524,Dagoretti South Sub County,false,false,true,true,SOURCE_DB_CONTRADICTION,Authoritative county does not match the database County reached through Ward.sourceGid.
2022,Nairobi,Langata  Sub County,Karen Ward,2122,Karen Ward,79,Nairobi City,1577,Lang'ata,false,false,false,true,SOURCE_DB_CONTRADICTION,Authoritative county does not match the database County reached through Ward.sourceGid.
2009,Nairobi,Westlands  Sub County,Karura Ward,2184,Karura Ward,79,Nairobi City,486,Westlands  Sub County,false,false,true,true,SOURCE_DB_CONTRADICTION,Authoritative county does not match the database County reached through Ward.sourceGid.
2010,Nairobi,Westlands  Sub County,Kangemi Ward,2185,Kangemi Ward,79,Nairobi City,486,Westlands  Sub County,false,false,true,true,SOURCE_DB_CONTRADICTION,Authoritative county does not match the database County reached through Ward.sourceGid.
2011,Nairobi,Westlands  Sub County,Mountain View Ward,2186,Mountain View Ward,79,Nairobi City,486,Westlands  Sub County,false,false,true,true,SOURCE_DB_CONTRADICTION,Authoritative county does not match the database County reached through Ward.sourceGid.
2014,Nairobi,Dagoretti North Sub County,Gatina Ward,2188,Gatina Ward,79,Nairobi City,487,Dagoretti North Sub County,false,false,true,true,SOURCE_DB_CONTRADICTION,Authoritative county does not match the database County reached through Ward.sourceGid.
786,BARINGO,Tiaty Sub County,Tangulbei/korossi Ward,2190,Tangulbei/korossi Ward,90,Baringo,757,Tiaty East,false,true,false,false,UNRESOLVED,Authoritative SubCounty name does not normalize to the actual database SubCounty reached through Ward.sourceGid.
2023,Nairobi,Langata  Sub County,Nairobi West Ward,2191,Nairobi West Ward,79,Nairobi City,1577,Lang'ata,false,false,false,true,SOURCE_DB_CONTRADICTION,Authoritative county does not match the database County reached through Ward.sourceGid.
2024,Nairobi,Langata  Sub County,Mugumo-ini Ward,2192,Mugumo-ini Ward,79,Nairobi City,1577,Lang'ata,false,false,false,true,SOURCE_DB_CONTRADICTION,Authoritative county does not match the database County reached through Ward.sourceGid.
787,BARINGO,Tiaty Sub County,Churo/amaya Ward,2193,Churo/amaya Ward,90,Baringo,757,Tiaty East,false,true,false,false,UNRESOLVED,Authoritative SubCounty name does not normalize to the actual database SubCounty reached through Ward.sourceGid.
2025,Nairobi,Langata  Sub County,South C Ward,2200,South C Ward,79,Nairobi City,1577,Lang'ata,false,false,false,true,SOURCE_DB_CONTRADICTION,Authoritative county does not match the database County reached through Ward.sourceGid.
2026,Nairobi,Langata  Sub County,Nyayo Highrise Ward,2207,Nyayo Highrise Ward,79,Nairobi City,1577,Lang'ata,false,false,false,true,SOURCE_DB_CONTRADICTION,Authoritative county does not match the database County reached through Ward.sourceGid.
2027,Nairobi,Kibra  Sub County,Laini Saba Ward,2208,Laini Saba Ward,79,Nairobi City,1576,Kibra,false,false,false,true,SOURCE_DB_CONTRADICTION,Authoritative county does not match the database County reached through Ward.sourceGid.
2028,Nairobi,Kibra  Sub County,Lindi Ward,2214,Lindi Ward,79,Nairobi City,1576,Kibra,false,false,false,true,SOURCE_DB_CONTRADICTION,Authoritative county does not match the database County reached through Ward.sourceGid.
2029,Nairobi,Kibra  Sub County,Makina Ward,2216,Makina Ward,79,Nairobi City,1576,Kibra,false,false,false,true,SOURCE_DB_CONTRADICTION,Authoritative county does not match the database County reached through Ward.sourceGid.
2031,Nairobi,Kibra  Sub County,Sarang'ombe Ward,2217,Sarang'ombe Ward,79,Nairobi City,1576,Kibra,false,false,false,true,SOURCE_DB_CONTRADICTION,Authoritative county does not match the database County reached through Ward.sourceGid.
2032,Nairobi,Roysambu  Sub County,Githurai Ward,2218,Githurai Ward,79,Nairobi City,492,Roysambu  Sub County,false,false,true,true,SOURCE_DB_CONTRADICTION,Authoritative county does not match the database County reached through Ward.sourceGid.
2033,Nairobi,Roysambu  Sub County,Kahawa West,2219,Kahawa West,79,Nairobi City,492,Roysambu  Sub County,false,false,true,true,SOURCE_DB_CONTRADICTION,Authoritative county does not match the database County reached through Ward.sourceGid.
2036,Nairobi,Roysambu  Sub County,Kahawa,2220,Kahawa,79,Nairobi City,492,Roysambu  Sub County,false,false,true,true,SOURCE_DB_CONTRADICTION,Authoritative county does not match the database County reached through Ward.sourceGid.
2037,Nairobi,Kasarani  Sub County,Clay City,2221,Clay City,79,Nairobi City,1575,Kasarani,false,false,false,true,SOURCE_DB_CONTRADICTION,Authoritative county does not match the database County reached through Ward.sourceGid.
2040,Nairobi,Kasarani  Sub County,Njiru Ward,2222,Njiru Ward,79,Nairobi City,1575,Kasarani,false,false,false,true,SOURCE_DB_CONTRADICTION,Authoritative county does not match the database County reached through Ward.sourceGid.
2041,Nairobi,Kasarani  Sub County,Ruai Ward,2223,Ruai Ward,79,Nairobi City,1575,Kasarani,false,false,false,true,SOURCE_DB_CONTRADICTION,Authoritative county does not match the database County reached through Ward.sourceGid.
2042,Nairobi,Ruaraka  Sub County,Babandogo,2224,Babandogo,79,Nairobi City,405,Ruaraka  Sub County,false,false,true,true,SOURCE_DB_CONTRADICTION,Authoritative county does not match the database County reached through Ward.sourceGid.
2043,Nairobi,Ruaraka  Sub County,Utalii Ward,2225,Utalii Ward,79,Nairobi City,405,Ruaraka  Sub County,false,false,true,true,SOURCE_DB_CONTRADICTION,Authoritative county does not match the database County reached through Ward.sourceGid.
2048,Nairobi,Embakasi South Sub County,Kwa Njenga Ward,2226,Kwa Njenga Ward,79,Nairobi City,407,Embakasi South Sub County,false,false,true,true,SOURCE_DB_CONTRADICTION,Authoritative county does not match the database County reached through Ward.sourceGid.
2056,Nairobi,Embakasi North Sub County,Dandora Area Iv Ward,2227,Dandora Area Iv Ward,79,Nairobi City,533,Embakasi North Sub County,false,false,true,true,SOURCE_DB_CONTRADICTION,Authoritative county does not match the database County reached through Ward.sourceGid.
2049,Nairobi,Embakasi South Sub County,Kwa Reuben Ward,2228,Kwa Reuben Ward,79,Nairobi City,407,Embakasi South Sub County,false,false,true,true,SOURCE_DB_CONTRADICTION,Authoritative county does not match the database County reached through Ward.sourceGid.
2067,Nairobi,Embakasi West Sub County,Umoja I Ward,2229,Umoja I Ward,79,Nairobi City,534,Embakasi West Sub County,false,false,true,true,SOURCE_DB_CONTRADICTION,Authoritative county does not match the database County reached through Ward.sourceGid.
2051,Nairobi,Embakasi South Sub County,Kware Ward,2230,Kware Ward,79,Nairobi City,407,Embakasi South Sub County,false,false,true,true,SOURCE_DB_CONTRADICTION,Authoritative county does not match the database County reached through Ward.sourceGid.
2052,Nairobi,Embakasi North Sub County,Kariobangi North Ward,2231,Kariobangi North Ward,79,Nairobi City,533,Embakasi North Sub County,false,false,true,true,SOURCE_DB_CONTRADICTION,Authoritative county does not match the database County reached through Ward.sourceGid.
2053,Nairobi,Embakasi North Sub County,Dandora Area I Ward,2232,Dandora Area I Ward,79,Nairobi City,533,Embakasi North Sub County,false,false,true,true,SOURCE_DB_CONTRADICTION,Authoritative county does not match the database County reached through Ward.sourceGid.
2054,Nairobi,Embakasi North Sub County,Dandora Area Ii Ward,2233,Dandora Area Ii Ward,79,Nairobi City,533,Embakasi North Sub County,false,false,true,true,SOURCE_DB_CONTRADICTION,Authoritative county does not match the database County reached through Ward.sourceGid.
2055,Nairobi,Embakasi North Sub County,Dandora Area Iii Ward,2234,Dandora Area Iii Ward,79,Nairobi City,533,Embakasi North Sub County,false,false,true,true,SOURCE_DB_CONTRADICTION,Authoritative county does not match the database County reached through Ward.sourceGid.
2057,Nairobi,Embakasi Central Sub County,Kayole North Ward,2235,Kayole North Ward,79,Nairobi City,535,Embakasi Central Sub County,false,false,true,true,SOURCE_DB_CONTRADICTION,Authoritative county does not match the database County reached through Ward.sourceGid.
2058,Nairobi,Embakasi Central Sub County,Kayole Central Ward,2236,Kayole Central Ward,79,Nairobi City,535,Embakasi Central Sub County,false,false,true,true,SOURCE_DB_CONTRADICTION,Authoritative county does not match the database County reached through Ward.sourceGid.
2068,Nairobi,Embakasi West Sub County,Umoja Ii Ward,2237,Umoja Ii Ward,79,Nairobi City,534,Embakasi West Sub County,false,false,true,true,SOURCE_DB_CONTRADICTION,Authoritative county does not match the database County reached through Ward.sourceGid.
2059,Nairobi,Embakasi Central Sub County,Kayole South Ward,2238,Kayole South Ward,79,Nairobi City,535,Embakasi Central Sub County,false,false,true,true,SOURCE_DB_CONTRADICTION,Authoritative county does not match the database County reached through Ward.sourceGid.
2074,Nairobi,Makadara  Sub County,Makongeni Ward,2239,Makongeni Ward,79,Nairobi City,1578,Makadara,false,false,false,true,SOURCE_DB_CONTRADICTION,Authoritative county does not match the database County reached through Ward.sourceGid.
2060,Nairobi,Embakasi Central Sub County,Komarock Ward,2240,Komarock Ward,79,Nairobi City,535,Embakasi Central Sub County,false,false,true,true,SOURCE_DB_CONTRADICTION,Authoritative county does not match the database County reached through Ward.sourceGid.
2061,Nairobi,Embakasi Central Sub County,Matopeni/spring Valley Ward,2241,Matopeni/spring Valley Ward,79,Nairobi City,535,Embakasi Central Sub County,false,false,true,true,SOURCE_DB_CONTRADICTION,Authoritative county does not match the database County reached through Ward.sourceGid.
2076,Nairobi,Kamukunji  Sub County,Eastleigh North Ward,2242,Eastleigh North Ward,79,Nairobi City,1574,Kamukunji,false,false,false,true,SOURCE_DB_CONTRADICTION,Authoritative county does not match the database County reached through Ward.sourceGid.
2062,Nairobi,Embakasi East Sub County,Upper Savanna Ward,2243,Upper Savanna Ward,79,Nairobi City,509,Embakasi East Sub County,false,false,true,true,SOURCE_DB_CONTRADICTION,Authoritative county does not match the database County reached through Ward.sourceGid.
2069,Nairobi,Embakasi West Sub County,Mowlem Ward,2244,Mowlem Ward,79,Nairobi City,534,Embakasi West Sub County,false,false,true,true,SOURCE_DB_CONTRADICTION,Authoritative county does not match the database County reached through Ward.sourceGid.
2070,Nairobi,Embakasi West Sub County,Kariobangi South Ward,2245,Kariobangi South Ward,79,Nairobi City,534,Embakasi West Sub County,false,false,true,true,SOURCE_DB_CONTRADICTION,Authoritative county does not match the database County reached through Ward.sourceGid.
2071,Nairobi,Makadara  Sub County,Maringo/hamza Ward,2246,Maringo/hamza Ward,79,Nairobi City,1578,Makadara,false,false,false,true,SOURCE_DB_CONTRADICTION,Authoritative county does not match the database County reached through Ward.sourceGid.
2079,Nairobi,Kamukunji  Sub County,California Ward,2248,California Ward,79,Nairobi City,1574,Kamukunji,false,false,false,true,SOURCE_DB_CONTRADICTION,Authoritative county does not match the database County reached through Ward.sourceGid.
2075,Nairobi,Kamukunji  Sub County,Pumwani Ward,2249,Pumwani Ward,79,Nairobi City,1574,Kamukunji,false,false,false,true,SOURCE_DB_CONTRADICTION,Authoritative county does not match the database County reached through Ward.sourceGid.
2078,Nairobi,Kamukunji  Sub County,Airbase Ward,2251,Airbase Ward,79,Nairobi City,1574,Kamukunji,false,false,false,true,SOURCE_DB_CONTRADICTION,Authoritative county does not match the database County reached through Ward.sourceGid.
2080,Nairobi,Starehe  Sub County,Nairobi Central Ward,2253,Nairobi Central Ward,79,Nairobi City,513,Starehe  Sub County,false,false,true,true,SOURCE_DB_CONTRADICTION,Authoritative county does not match the database County reached through Ward.sourceGid.
2081,Nairobi,Starehe  Sub County,Ngara Ward Ward,2261,Ngara Ward Ward,79,Nairobi City,513,Starehe  Sub County,false,false,true,true,SOURCE_DB_CONTRADICTION,Authoritative county does not match the database County reached through Ward.sourceGid.
2082,Nairobi,Starehe  Sub County,Pangani Ward,2262,Pangani Ward,79,Nairobi City,513,Starehe  Sub County,false,false,true,true,SOURCE_DB_CONTRADICTION,Authoritative county does not match the database County reached through Ward.sourceGid.
2083,Nairobi,Starehe  Sub County,Ziwani/kariokor,2263,Ziwani/kariokor,79,Nairobi City,513,Starehe  Sub County,false,false,true,true,SOURCE_DB_CONTRADICTION,Authoritative county does not match the database County reached through Ward.sourceGid.
2086,Nairobi,Mathare  Sub County,Hospital Ward,2264,Hospital Ward,79,Nairobi City,1579,Mathare,false,false,false,true,SOURCE_DB_CONTRADICTION,Authoritative county does not match the database County reached through Ward.sourceGid.
2087,Nairobi,Mathare  Sub County,Mabatini Ward,2265,Mabatini Ward,79,Nairobi City,1579,Mathare,false,false,false,true,SOURCE_DB_CONTRADICTION,Authoritative county does not match the database County reached through Ward.sourceGid.
2089,Nairobi,Mathare  Sub County,Ngei Ward,2266,Ngei Ward,79,Nairobi City,1579,Mathare,false,false,false,true,SOURCE_DB_CONTRADICTION,Authoritative county does not match the database County reached through Ward.sourceGid.
2090,Nairobi,Mathare  Sub County,Mlango Kubwa,2267,Mlango Kubwa,79,Nairobi City,1579,Mathare,false,false,false,true,SOURCE_DB_CONTRADICTION,Authoritative county does not match the database County reached through Ward.sourceGid.
2091,Nairobi,Mathare  Sub County,Kiamaiko Ward,2268,Kiamaiko Ward,79,Nairobi City,1579,Mathare,false,false,false,true,SOURCE_DB_CONTRADICTION,Authoritative county does not match the database County reached through Ward.sourceGid.
2092,Nairobi,Westlands  Sub County,Kitisuru Ward,2269,Kitisuru Ward,79,Nairobi City,486,Westlands  Sub County,false,false,true,true,SOURCE_DB_CONTRADICTION,Authoritative county does not match the database County reached through Ward.sourceGid.