wardId,wardName,sourceGid,sourceUid,currentSubCountyId,currentSubCountyName,currentCountyId,currentCountyName,authoritativeGid,authoritativeUid,authoritativeSubCountyName,authoritativeCountyName,canonicalSourceName,canonicalCountyCode,canonicalDbId,canonicalDbName,reason
1063,West Kasipul Ward,1535,tn1vEO9VD83,267,Kasipul Sub County,51,Homa Bay,1535,tn1vEO9VD83,Kasipul Sub County,Homa Bay,,,,,AUTHORITATIVE_SUBCOUNTY_NOT_FOUND_IN_CANONICAL_SOURCE
1064,South Kasipul Ward,1536,xiP5RKdvPTn,267,Kasipul Sub County,51,Homa Bay,1536,xiP5RKdvPTn,Kasipul Sub County,Homa Bay,,,,,AUTHORITATIVE_SUBCOUNTY_NOT_FOUND_IN_CANONICAL_SOURCE
1065,Central Kasipul Ward,1537,UQYZGlkULva,267,Kasipul Sub County,51,Homa Bay,1537,UQYZGlkULva,Kasipul Sub County,Homa Bay,,,,,AUTHORITATIVE_SUBCOUNTY_NOT_FOUND_IN_CANONICAL_SOURCE
1066,East Kamagak Ward,1538,RvsMMMCame7,267,Kasipul Sub County,51,Homa Bay,1538,RvsMMMCame7,Kasipul Sub County,Homa Bay,,,,,AUTHORITATIVE_SUBCOUNTY_NOT_FOUND_IN_CANONICAL_SOURCE
1067,West Kamagak Ward,1539,pPN9DI12g5m,267,Kasipul Sub County,51,Homa Bay,1539,pPN9DI12g5m,Kasipul Sub County,Homa Bay,,,,,AUTHORITATIVE_SUBCOUNTY_NOT_FOUND_IN_CANONICAL_SOURCE
1068,Kabondo East Ward,1540,nYfCFgklbTM,268,Kabondo Kasipul Sub County,51,Homa Bay,1540,nYfCFgklbTM,Kabondo Kasipul Sub County,Homa Bay,,,,,AUTHORITATIVE_SUBCOUNTY_NOT_FOUND_IN_CANONICAL_SOURCE
1069,Kabondo West Ward,1541,zkOTNmaTloy,268,Kabondo Kasipul Sub County,51,Homa Bay,1541,zkOTNmaTloy,Kabondo Kasipul Sub County,Homa Bay,,,,,AUTHORITATIVE_SUBCOUNTY_NOT_FOUND_IN_CANONICAL_SOURCE
1070,Kokwanyo/kakelo Ward,1542,dPxooReTfTv,268,Kabondo Kasipul Sub County,51,Homa Bay,1542,dPxooReTfTv,Kabondo Kasipul Sub County,Homa Bay,,,,,AUTHORITATIVE_SUBCOUNTY_NOT_FOUND_IN_CANONICAL_SOURCE
1071,Kojwach Ward,1543,FdJzxSJbjk3,268,Kabondo Kasipul Sub County,51,Homa Bay,1543,FdJzxSJbjk3,Kabondo Kasipul Sub County,Homa Bay,,,,,AUTHORITATIVE_SUBCOUNTY_NOT_FOUND_IN_CANONICAL_SOURCE
1072,West Karachuonyo Ward,1544,DbwgMpyBfwd,269,Karachuonyo Sub County,51,Homa Bay,1544,DbwgMpyBfwd,Karachuonyo Sub County,Homa Bay,,,,,AUTHORITATIVE_SUBCOUNTY_NOT_FOUND_IN_CANONICAL_SOURCE
1073,North Karachuonyo Ward,1545,bR7hQLC29rl,269,Karachuonyo Sub County,51,Homa Bay,1545,bR7hQLC29rl,Karachuonyo Sub County,Homa Bay,,,,,AUTHORITATIVE_SUBCOUNTY_NOT_FOUND_IN_CANONICAL_SOURCE
1074,Central Ward,1546,TzCE8I4W14b,269,Karachuonyo Sub County,51,Homa Bay,1546,TzCE8I4W14b,Karachuonyo Sub County,Homa Bay,,,,,AUTHORITATIVE_SUBCOUNTY_NOT_FOUND_IN_CANONICAL_SOURCE
1075,Kanyaluo Ward,1547,LX2KPfCBef4,269,Karachuonyo Sub County,51,Homa Bay,1547,LX2KPfCBef4,Karachuonyo Sub County,Homa Bay,,,,,AUTHORITATIVE_SUBCOUNTY_NOT_FOUND_IN_CANONICAL_SOURCE
1078,Homa Bay Central Ward,1555,zOOEW5td56i,271,Homa Bay Town Sub County,51,Homa Bay,1555,zOOEW5td56i,Homa Bay Town Sub County,Homa Bay,,,,,AUTHORITATIVE_SUBCOUNTY_NOT_FOUND_IN_CANONICAL_SOURCE
1079,Homa Bay Arujo Ward,1556,OOiImc9uz5A,271,Homa Bay Town Sub County,51,Homa Bay,1556,OOiImc9uz5A,Homa Bay Town Sub County,Homa Bay,,,,,AUTHORITATIVE_SUBCOUNTY_NOT_FOUND_IN_CANONICAL_SOURCE
1080,Homa Bay East Ward,1558,C5EivIShRVo,271,Homa Bay Town Sub County,51,Homa Bay,1558,C5EivIShRVo,Homa Bay Town Sub County,Homa Bay,,,,,AUTHORITATIVE_SUBCOUNTY_NOT_FOUND_IN_CANONICAL_SOURCE
1087,Mfangano Island Ward,1566,SyS2T2z6JDZ,273,Mbita Sub County,51,Homa Bay,1566,SyS2T2z6JDZ,Mbita Sub County,Homa Bay,,,,,AUTHORITATIVE_SUBCOUNTY_NOT_FOUND_IN_CANONICAL_SOURCE
1088,Rusinga Island Ward,1567,OjYMSbDEKRc,273,Mbita Sub County,51,Homa Bay,1567,OjYMSbDEKRc,Mbita Sub County,Homa Bay,,,,,AUTHORITATIVE_SUBCOUNTY_NOT_FOUND_IN_CANONICAL_SOURCE
1089,Kasgunga Ward,1568,eX9fqY9KVU8,273,Mbita Sub County,51,Homa Bay,1568,eX9fqY9KVU8,Mbita Sub County,Homa Bay,,,,,AUTHORITATIVE_SUBCOUNTY_NOT_FOUND_IN_CANONICAL_SOURCE
1104,Kaptama Ward,1604,X2TaEHQHj6z,280,Mt Elgon Sub County,53,Bungoma,1604,X2TaEHQHj6z,Mt Elgon Sub County,Bungoma,,,,,AUTHORITATIVE_SUBCOUNTY_NOT_FOUND_IN_CANONICAL_SOURCE
1105,Malakisi/south Kulisiru Ward,1607,ftbk97ko25V,281,Sirisia Sub County,53,Bungoma,1607,ftbk97ko25V,Sirisia Sub County,Bungoma,,,,,AUTHORITATIVE_SUBCOUNTY_NOT_FOUND_IN_CANONICAL_SOURCE
1106,Lwandanyi Ward,1608,nNiOxPPdyhk,281,Sirisia Sub County,53,Bungoma,1608,nNiOxPPdyhk,Sirisia Sub County,Bungoma,,,,,AUTHORITATIVE_SUBCOUNTY_NOT_FOUND_IN_CANONICAL_SOURCE
1107,West Nalondo Ward,1610,gZqLcfKb6LQ,282,Kabuchai Sub County,53,Bungoma,1610,gZqLcfKb6LQ,Kabuchai Sub County,Bungoma,,,,,AUTHORITATIVE_SUBCOUNTY_NOT_FOUND_IN_CANONICAL_SOURCE
1108,Mukuyuni Ward,1612,IVA8tzQOkNT,282,Kabuchai Sub County,53,Bungoma,1612,IVA8tzQOkNT,Kabuchai Sub County,Bungoma,,,,,AUTHORITATIVE_SUBCOUNTY_NOT_FOUND_IN_CANONICAL_SOURCE
1112,Bukembe West Ward,1620,r6SlF5OJDxM,284,Kanduyi Sub County,53,Bungoma,1620,r6SlF5OJDxM,Kanduyi Sub County,Bungoma,,,,,AUTHORITATIVE_SUBCOUNTY_NOT_FOUND_IN_CANONICAL_SOURCE
1113,Bukembe East Ward,1621,gsSTglpX3Wd,284,Kanduyi Sub County,53,Bungoma,1621,gsSTglpX3Wd,Kanduyi Sub County,Bungoma,,,,,AUTHORITATIVE_SUBCOUNTY_NOT_FOUND_IN_CANONICAL_SOURCE
1136,West Kabras Ward,1656,vwGFBoFGIlm,290,Malava Sub County,54,Kakamega,1656,vwGFBoFGIlm,Malava Sub County,Kakamega,,,,,AUTHORITATIVE_SUBCOUNTY_NOT_FOUND_IN_CANONICAL_SOURCE
1137,Chemuche Ward,1657,GCZB9Qc6zCO,290,Malava Sub County,54,Kakamega,1657,GCZB9Qc6zCO,Malava Sub County,Kakamega,,,,,AUTHORITATIVE_SUBCOUNTY_NOT_FOUND_IN_CANONICAL_SOURCE
1138,East Kabras Ward,1658,lZT0FbLOn0I,290,Malava Sub County,54,Kakamega,1658,lZT0FbLOn0I,Malava Sub County,Kakamega,,,,,AUTHORITATIVE_SUBCOUNTY_NOT_FOUND_IN_CANONICAL_SOURCE
1139,Butali Chegulo Ward,1659,WlgJjiJVyHY,290,Malava Sub County,54,Kakamega,1659,WlgJjiJVyHY,Malava Sub County,Kakamega,,,,,AUTHORITATIVE_SUBCOUNTY_NOT_FOUND_IN_CANONICAL_SOURCE
1140,Manda-shivanga Ward,1660,oQbUJJHfsbX,290,Malava Sub County,54,Kakamega,1660,oQbUJJHfsbX,Malava Sub County,Kakamega,,,,,AUTHORITATIVE_SUBCOUNTY_NOT_FOUND_IN_CANONICAL_SOURCE
1141,Shirungu-mugai Ward,1661,pCenQt4VPGz,290,Malava Sub County,54,Kakamega,1661,pCenQt4VPGz,Malava Sub County,Kakamega,,,,,AUTHORITATIVE_SUBCOUNTY_NOT_FOUND_IN_CANONICAL_SOURCE
1142,South Kabras Ward,1662,klgKsqqI93s,290,Malava Sub County,54,Kakamega,1662,klgKsqqI93s,Malava Sub County,Kakamega,,,,,AUTHORITATIVE_SUBCOUNTY_NOT_FOUND_IN_CANONICAL_SOURCE
1143,Butsotso East Ward,1663,dFH6aZXT2rd,291,Lurambi Sub County,54,Kakamega,1663,dFH6aZXT2rd,Lurambi Sub County,Kakamega,,,,,AUTHORITATIVE_SUBCOUNTY_NOT_FOUND_IN_CANONICAL_SOURCE
1144,Butsotso South  Ward,1664,t8eg6hgrHEp,291,Lurambi Sub County,54,Kakamega,1664,t8eg6hgrHEp,Lurambi Sub County,Kakamega,,,,,AUTHORITATIVE_SUBCOUNTY_NOT_FOUND_IN_CANONICAL_SOURCE
1145,Butsotso Central Ward,1665,IgadIOg14CX,291,Lurambi Sub County,54,Kakamega,1665,IgadIOg14CX,Lurambi Sub County,Kakamega,,,,,AUTHORITATIVE_SUBCOUNTY_NOT_FOUND_IN_CANONICAL_SOURCE
1146,Sheywe Ward,1666,QVwBQhJwtOG,291,Lurambi Sub County,54,Kakamega,1666,QVwBQhJwtOG,Lurambi Sub County,Kakamega,,,,,AUTHORITATIVE_SUBCOUNTY_NOT_FOUND_IN_CANONICAL_SOURCE
1147,Mahiakalo Ward,1667,OikFajghArn,291,Lurambi Sub County,54,Kakamega,1667,OikFajghArn,Lurambi Sub County,Kakamega,,,,,AUTHORITATIVE_SUBCOUNTY_NOT_FOUND_IN_CANONICAL_SOURCE
1148,Shirere Ward,1668,yKF1kdNdLqM,291,Lurambi Sub County,54,Kakamega,1668,yKF1kdNdLqM,Lurambi Sub County,Kakamega,,,,,AUTHORITATIVE_SUBCOUNTY_NOT_FOUND_IN_CANONICAL_SOURCE
1156,BELGUT,961,,295,AINAMOI,56,Kericho,961,,AINAMOI,KERICHO,,,,,AUTHORITATIVE_SUBCOUNTY_NOT_FOUND_IN_CANONICAL_SOURCE
1157,Chewani Ward,94,Fuc7wSQ4gkN,296,Galole Sub County,57,Tana River,94,Fuc7wSQ4gkN,Galole Sub County,TANA RIVER,,,,,AUTHORITATIVE_SUBCOUNTY_NOT_FOUND_IN_CANONICAL_SOURCE
1158,Kinakomba Ward,92,JRAYgvhoUEp,296,Galole Sub County,57,Tana River,92,JRAYgvhoUEp,Galole Sub County,TANA RIVER,,,,,AUTHORITATIVE_SUBCOUNTY_NOT_FOUND_IN_CANONICAL_SOURCE
1175,Bangale Ward,98,SCxU4funihr,299,Bura Sub County,57,Tana River,98,SCxU4funihr,Bura Sub County,TANA RIVER,,,,,AUTHORITATIVE_SUBCOUNTY_NOT_FOUND_IN_CANONICAL_SOURCE
1176,Sala Ward,99,tc9MpZMV6yJ,299,Bura Sub County,57,Tana River,99,tc9MpZMV6yJ,Bura Sub County,TANA RIVER,,,,,AUTHORITATIVE_SUBCOUNTY_NOT_FOUND_IN_CANONICAL_SOURCE
1188,Wundanyi/mbale Ward,116,mkbKajFxEDT,303,Wundanyi Sub County,59,Taita Taveta,116,mkbKajFxEDT,Wundanyi Sub County,TAITA TAVETA,,,,,AUTHORITATIVE_SUBCOUNTY_NOT_FOUND_IN_CANONICAL_SOURCE
1189,Wumingu/kishushe Ward,118,MWZrkgY93fj,303,Wundanyi Sub County,59,Taita Taveta,118,MWZrkgY93fj,Wundanyi Sub County,TAITA TAVETA,,,,,AUTHORITATIVE_SUBCOUNTY_NOT_FOUND_IN_CANONICAL_SOURCE
1221,Kibiri Ward,1548,HUoTkec6KhI,269,Karachuonyo Sub County,51,Homa Bay,1548,HUoTkec6KhI,Karachuonyo Sub County,Homa Bay,,,,,AUTHORITATIVE_SUBCOUNTY_NOT_FOUND_IN_CANONICAL_SOURCE
1222,Wang'chieng Ward,1549,RcF7TZ3ciq5,269,Karachuonyo Sub County,51,Homa Bay,1549,RcF7TZ3ciq5,Karachuonyo Sub County,Homa Bay,,,,,AUTHORITATIVE_SUBCOUNTY_NOT_FOUND_IN_CANONICAL_SOURCE
1223,Kendu Bay Town Ward,1550,bBfvGmNakj6,269,Karachuonyo Sub County,51,Homa Bay,1550,bBfvGmNakj6,Karachuonyo Sub County,Homa Bay,,,,,AUTHORITATIVE_SUBCOUNTY_NOT_FOUND_IN_CANONICAL_SOURCE
1226,Homa Bay West Ward,1557,jjce8vXK50R,271,Homa Bay Town Sub County,51,Homa Bay,1557,jjce8vXK50R,Homa Bay Town Sub County,Homa Bay,,,,,AUTHORITATIVE_SUBCOUNTY_NOT_FOUND_IN_CANONICAL_SOURCE
1229,Gembe Ward,1569,acibphi1EGX,273,Mbita Sub County,51,Homa Bay,1569,acibphi1EGX,Mbita Sub County,Homa Bay,,,,,AUTHORITATIVE_SUBCOUNTY_NOT_FOUND_IN_CANONICAL_SOURCE
1230,Lambwe Ward,1570,vbgVuQPf9j7,273,Mbita Sub County,51,Homa Bay,1570,vbgVuQPf9j7,Mbita Sub County,Homa Bay,,,,,AUTHORITATIVE_SUBCOUNTY_NOT_FOUND_IN_CANONICAL_SOURCE
1231,Gwassi South Ward,1571,AuOsnrKcOMF,310,Suba Sub County,51,Homa Bay,1571,AuOsnrKcOMF,Suba Sub County,Homa Bay,,,,,AUTHORITATIVE_SUBCOUNTY_NOT_FOUND_IN_CANONICAL_SOURCE
1232,Gwassi North Ward,1572,gieorchg4LE,310,Suba Sub County,51,Homa Bay,1572,gieorchg4LE,Suba Sub County,Homa Bay,,,,,AUTHORITATIVE_SUBCOUNTY_NOT_FOUND_IN_CANONICAL_SOURCE
1233,Kaksingiri West Ward,1573,zwpctzVflwm,310,Suba Sub County,51,Homa Bay,1573,zwpctzVflwm,Suba Sub County,Homa Bay,,,,,AUTHORITATIVE_SUBCOUNTY_NOT_FOUND_IN_CANONICAL_SOURCE
1244,Ruma-kaksingiri East Ward,1574,UGCu7Ut7H7M,310,Suba Sub County,51,Homa Bay,1574,UGCu7Ut7H7M,Suba Sub County,Homa Bay,,,,,AUTHORITATIVE_SUBCOUNTY_NOT_FOUND_IN_CANONICAL_SOURCE
1263,Mikinduni Ward,93,Tj925bvDisP,296,Galole Sub County,57,Tana River,93,Tj925bvDisP,Galole Sub County,TANA RIVER,,,,,AUTHORITATIVE_SUBCOUNTY_NOT_FOUND_IN_CANONICAL_SOURCE
1275,Elgon Ward,1605,zxfCOXaz1ha,280,Mt Elgon Sub County,53,Bungoma,1605,zxfCOXaz1ha,Mt Elgon Sub County,Bungoma,,,,,AUTHORITATIVE_SUBCOUNTY_NOT_FOUND_IN_CANONICAL_SOURCE
1281,Bukhayo West Ward,1721,xMPuIHmGdYe,323,Matayos Sub County,62,Busia,1721,xMPuIHmGdYe,Matayos Sub County,Busia,,,,,AUTHORITATIVE_SUBCOUNTY_NOT_FOUND_IN_CANONICAL_SOURCE
1284,KOTULO,207,J9PHxsmBzgD,325,MANDERA SOUTH,63,Mandera,207,J9PHxsmBzgD,MANDERA SOUTH,MANDERA,,,,,AUTHORITATIVE_SUBCOUNTY_NOT_FOUND_IN_CANONICAL_SOURCE
1285,ELWAK SOUTH,208,AEMY7F8XyZT,325,MANDERA SOUTH,63,Mandera,208,AEMY7F8XyZT,MANDERA SOUTH,MANDERA,,,,,AUTHORITATIVE_SUBCOUNTY_NOT_FOUND_IN_CANONICAL_SOURCE
1286,SHAMBIR FATUMA,210,Z9zNkBFLY9r,325,MANDERA SOUTH,63,Mandera,210,Z9zNkBFLY9r,MANDERA SOUTH,MANDERA,,,,,AUTHORITATIVE_SUBCOUNTY_NOT_FOUND_IN_CANONICAL_SOURCE
1294,SAGANTE/JALDESA,233,G2LQpPk5BXU,329,SAKU,64,Marsabit,233,G2LQpPk5BXU,SAKU,MARSABIT,,,,,AUTHORITATIVE_SUBCOUNTY_NOT_FOUND_IN_CANONICAL_SOURCE
1295,Matayos South Ward,1723,UMeXjZoZxct,323,Matayos Sub County,62,Busia,1723,UMeXjZoZxct,Matayos Sub County,Busia,,,,,AUTHORITATIVE_SUBCOUNTY_NOT_FOUND_IN_CANONICAL_SOURCE
1296,Busibwabo Ward,1724,cgTC3oqgmKg,323,Matayos Sub County,62,Busia,1724,cgTC3oqgmKg,Matayos Sub County,Busia,,,,,AUTHORITATIVE_SUBCOUNTY_NOT_FOUND_IN_CANONICAL_SOURCE
1297,Burumba Ward,1725,Yk6G4ret1OC,323,Matayos Sub County,62,Busia,1725,Yk6G4ret1OC,Matayos Sub County,Busia,,,,,AUTHORITATIVE_SUBCOUNTY_NOT_FOUND_IN_CANONICAL_SOURCE
1298,LAISAMIS,240,WWr7jojWGHJ,330,LAISAMIS,64,Marsabit,240,WWr7jojWGHJ,LAISAMIS,MARSABIT,,,,,AUTHORITATIVE_SUBCOUNTY_NOT_FOUND_IN_CANONICAL_SOURCE
1329,Timau Ward,281,WnXi46WSP7B,337,Buuri Sub County,65,Meru,281,WnXi46WSP7B,Buuri Sub County,MERU,,,,,AUTHORITATIVE_SUBCOUNTY_NOT_FOUND_IN_CANONICAL_SOURCE
1330,Kisima Ward,282,jhoqnpxdZY7,337,Buuri Sub County,65,Meru,282,jhoqnpxdZY7,Buuri Sub County,MERU,,,,,AUTHORITATIVE_SUBCOUNTY_NOT_FOUND_IN_CANONICAL_SOURCE
1331,Kiirua Naari Ward,283,SKXh3KXdbVU,337,Buuri Sub County,65,Meru,283,SKXh3KXdbVU,Buuri Sub County,MERU,,,,,AUTHORITATIVE_SUBCOUNTY_NOT_FOUND_IN_CANONICAL_SOURCE
1332,Ruiru Rwawera Ward,284,LXCb2xO5iF7,337,Buuri Sub County,65,Meru,284,LXCb2xO5iF7,Buuri Sub County,MERU,,,,,AUTHORITATIVE_SUBCOUNTY_NOT_FOUND_IN_CANONICAL_SOURCE
1333,Mwangathia Ward,285,FJJRq7O0QcB,338,Imenti Central Sub County,65,Meru,285,FJJRq7O0QcB,Imenti Central Sub County,MERU,,,,,AUTHORITATIVE_SUBCOUNTY_NOT_FOUND_IN_CANONICAL_SOURCE
1334,Abothuguchi central Ward,286,Ay0bToL5BTE,338,Imenti Central Sub County,65,Meru,286,Ay0bToL5BTE,Imenti Central Sub County,MERU,,,,,AUTHORITATIVE_SUBCOUNTY_NOT_FOUND_IN_CANONICAL_SOURCE
1335,Abothuguchi west Ward,287,ZVoIw8oAOWZ,338,Imenti Central Sub County,65,Meru,287,ZVoIw8oAOWZ,Imenti Central Sub County,MERU,,,,,AUTHORITATIVE_SUBCOUNTY_NOT_FOUND_IN_CANONICAL_SOURCE
1336,Kiagu Ward,288,zP5ACOAN4ty,338,Imenti Central Sub County,65,Meru,288,zP5ACOAN4ty,Imenti Central Sub County,MERU,,,,,AUTHORITATIVE_SUBCOUNTY_NOT_FOUND_IN_CANONICAL_SOURCE
1337,Kibirichia Ward,289,IuCkCzLOGau,337,Buuri Sub County,65,Meru,289,IuCkCzLOGau,Buuri Sub County,MERU,,,,,AUTHORITATIVE_SUBCOUNTY_NOT_FOUND_IN_CANONICAL_SOURCE
1344,Mitheru Ward,296,iRQ3mxm14gi,340,Muthambi Sub County,66,Tharaka Nithi,296,iRQ3mxm14gi,Muthambi Sub County,THARAKA-NITHI,,,,,AUTHORITATIVE_SUBCOUNTY_NOT_FOUND_IN_CANONICAL_SOURCE
1345,Muthambi Ward,297,BkpZUfBGM9x,340,Muthambi Sub County,66,Tharaka Nithi,297,BkpZUfBGM9x,Muthambi Sub County,THARAKA-NITHI,,,,,AUTHORITATIVE_SUBCOUNTY_NOT_FOUND_IN_CANONICAL_SOURCE
1346,Mwimbi Ward,298,VOpqnQgC8om,341,Mwimbi Sub County,66,Tharaka Nithi,298,VOpqnQgC8om,Mwimbi Sub County,THARAKA-NITHI,,,,,AUTHORITATIVE_SUBCOUNTY_NOT_FOUND_IN_CANONICAL_SOURCE
1347,Namwela Ward,1606,CenIfdVZZdC,281,Sirisia Sub County,53,Bungoma,1606,CenIfdVZZdC,Sirisia Sub County,Bungoma,,,,,AUTHORITATIVE_SUBCOUNTY_NOT_FOUND_IN_CANONICAL_SOURCE
1348,Charagita Ward,461,Yh0tdzyDjHY,342,Oljoroorok Sub County,67,Nyandarua,461,Yh0tdzyDjHY,Oljoroorok Sub County,NYANDARUA,,,,,AUTHORITATIVE_SUBCOUNTY_NOT_FOUND_IN_CANONICAL_SOURCE
1349,Kabuchai/chwele Ward,1609,g9tqOcjTCbA,282,Kabuchai Sub County,53,Bungoma,1609,g9tqOcjTCbA,Kabuchai Sub County,Bungoma,,,,,AUTHORITATIVE_SUBCOUNTY_NOT_FOUND_IN_CANONICAL_SOURCE
1350,Bwake/luuya Ward,1611,sKD6tJgPfbh,282,Kabuchai Sub County,53,Bungoma,1611,sKD6tJgPfbh,Kabuchai Sub County,Bungoma,,,,,AUTHORITATIVE_SUBCOUNTY_NOT_FOUND_IN_CANONICAL_SOURCE
1351,Mumoni Ward,333,uyBigxC7fHZ,343,Mwingi North Sub County,68,Kitui,333,uyBigxC7fHZ,Mwingi North Sub County,KITUI,,,,,AUTHORITATIVE_SUBCOUNTY_NOT_FOUND_IN_CANONICAL_SOURCE
1352,Tseikuru Ward,334,RJxeNbjGm71,343,Mwingi North Sub County,68,Kitui,334,RJxeNbjGm71,Mwingi North Sub County,KITUI,,,,,AUTHORITATIVE_SUBCOUNTY_NOT_FOUND_IN_CANONICAL_SOURCE
1353,Tharaka Ward,335,bBYJtOmYctd,343,Mwingi North Sub County,68,Kitui,335,bBYJtOmYctd,Mwingi North Sub County,KITUI,,,,,AUTHORITATIVE_SUBCOUNTY_NOT_FOUND_IN_CANONICAL_SOURCE
1354,Kyome/thaana Ward,336,tKZn1p295Nb,344,Mwingi West Sub County,68,Kitui,336,tKZn1p295Nb,Mwingi West Sub County,KITUI,,,,,AUTHORITATIVE_SUBCOUNTY_NOT_FOUND_IN_CANONICAL_SOURCE
1355,Nguutani Ward,337,wBisHlJd2aK,344,Mwingi West Sub County,68,Kitui,337,wBisHlJd2aK,Mwingi West Sub County,KITUI,,,,,AUTHORITATIVE_SUBCOUNTY_NOT_FOUND_IN_CANONICAL_SOURCE
1356,Migwani Ward,338,Apa4iLKG02o,344,Mwingi West Sub County,68,Kitui,338,Apa4iLKG02o,Mwingi West Sub County,KITUI,,,,,AUTHORITATIVE_SUBCOUNTY_NOT_FOUND_IN_CANONICAL_SOURCE
1357,Kiomo/kyethani Ward,339,vpiZlB5cdK7,344,Mwingi West Sub County,68,Kitui,339,vpiZlB5cdK7,Mwingi West Sub County,KITUI,,,,,AUTHORITATIVE_SUBCOUNTY_NOT_FOUND_IN_CANONICAL_SOURCE
1367,Kwavonza/yatta Ward,352,LHmp6sPE2w7,348,Kitui Rural Sub County,68,Kitui,352,LHmp6sPE2w7,Kitui Rural Sub County,KITUI,,,,,AUTHORITATIVE_SUBCOUNTY_NOT_FOUND_IN_CANONICAL_SOURCE
1368,Kanyangi Ward,353,pesguszdkri,348,Kitui Rural Sub County,68,Kitui,353,pesguszdkri,Kitui Rural Sub County,KITUI,,,,,AUTHORITATIVE_SUBCOUNTY_NOT_FOUND_IN_CANONICAL_SOURCE
1384,Nzambani Ward,360,Ekb0OY8S4Jm,354,Kitui East Sub County,68,Kitui,360,Ekb0OY8S4Jm,Kitui East Sub County,KITUI,,,,,AUTHORITATIVE_SUBCOUNTY_NOT_FOUND_IN_CANONICAL_SOURCE
1386,Township Ward,1622,ysCS3ZD38VF,284,Kanduyi Sub County,53,Bungoma,1622,ysCS3ZD38VF,Kanduyi Sub County,Bungoma,,,,,AUTHORITATIVE_SUBCOUNTY_NOT_FOUND_IN_CANONICAL_SOURCE
1387,Khalaba Ward,1623,AqsJZWunWRF,284,Kanduyi Sub County,53,Bungoma,1623,AqsJZWunWRF,Kanduyi Sub County,Bungoma,,,,,AUTHORITATIVE_SUBCOUNTY_NOT_FOUND_IN_CANONICAL_SOURCE
1388,Musikoma Ward,1624,jmsoF18bsh0,284,Kanduyi Sub County,53,Bungoma,1624,jmsoF18bsh0,Kanduyi Sub County,Bungoma,,,,,AUTHORITATIVE_SUBCOUNTY_NOT_FOUND_IN_CANONICAL_SOURCE
1389,East Sang'alo Ward,1625,jhQaAr01YU5,284,Kanduyi Sub County,53,Bungoma,1625,jhQaAr01YU5,Kanduyi Sub County,Bungoma,,,,,AUTHORITATIVE_SUBCOUNTY_NOT_FOUND_IN_CANONICAL_SOURCE
1390,Marakaru/tuuti Ward,1626,thvW4MLkf3E,284,Kanduyi Sub County,53,Bungoma,1626,thvW4MLkf3E,Kanduyi Sub County,Bungoma,,,,,AUTHORITATIVE_SUBCOUNTY_NOT_FOUND_IN_CANONICAL_SOURCE
1391,West Sang'alo Ward,1627,uNCqGdTcjkh,284,Kanduyi Sub County,53,Bungoma,1627,uNCqGdTcjkh,Kanduyi Sub County,Bungoma,,,,,AUTHORITATIVE_SUBCOUNTY_NOT_FOUND_IN_CANONICAL_SOURCE
1392,Mihuu Ward,1628,frzFOocEhiu,355,Webuye  East Sub County,53,Bungoma,1628,frzFOocEhiu,Webuye  East Sub County,Bungoma,,,,,AUTHORITATIVE_SUBCOUNTY_NOT_FOUND_IN_CANONICAL_SOURCE
1393,Ndivisi Ward,1629,WskHX9On3vR,355,Webuye  East Sub County,53,Bungoma,1629,WskHX9On3vR,Webuye  East Sub County,Bungoma,,,,,AUTHORITATIVE_SUBCOUNTY_NOT_FOUND_IN_CANONICAL_SOURCE
1394,Maraka Ward,1630,chWsC9TTyF3,355,Webuye  East Sub County,53,Bungoma,1630,chWsC9TTyF3,Webuye  East Sub County,Bungoma,,,,,AUTHORITATIVE_SUBCOUNTY_NOT_FOUND_IN_CANONICAL_SOURCE
1398,Hirimani Ward,97,vKo6mot8397,299,Bura Sub County,57,Tana River,97,vKo6mot8397,Bura Sub County,TANA RIVER,,,,,AUTHORITATIVE_SUBCOUNTY_NOT_FOUND_IN_CANONICAL_SOURCE
1401,Wayu Ward,95,OycKfvEFK77,296,Galole Sub County,57,Tana River,95,OycKfvEFK77,Galole Sub County,TANA RIVER,,,,,AUTHORITATIVE_SUBCOUNTY_NOT_FOUND_IN_CANONICAL_SOURCE
1402,Ikutha Ward,368,hwHZgY7hwgN,357,Kitui South Sub County,68,Kitui,368,hwHZgY7hwgN,Kitui South Sub County,KITUI,,,,,AUTHORITATIVE_SUBCOUNTY_NOT_FOUND_IN_CANONICAL_SOURCE
1403,Athi Ward,370,amA6INYYpDG,357,Kitui South Sub County,68,Kitui,370,amA6INYYpDG,Kitui South Sub County,KITUI,,,,,AUTHORITATIVE_SUBCOUNTY_NOT_FOUND_IN_CANONICAL_SOURCE
1404,Tulimani Ward,411,FNq96CChp6E,358,Mbooni  Sub County,74,Makueni,411,FNq96CChp6E,Mbooni  Sub County,MAKUENI,,,,,AUTHORITATIVE_SUBCOUNTY_NOT_FOUND_IN_CANONICAL_SOURCE
1405,Mbooni Ward,412,wp8DtxcZfwK,358,Mbooni  Sub County,74,Makueni,412,wp8DtxcZfwK,Mbooni  Sub County,MAKUENI,,,,,AUTHORITATIVE_SUBCOUNTY_NOT_FOUND_IN_CANONICAL_SOURCE
1406,Kithungo/Kitundu Ward,413,kbwrNLg8qn9,358,Mbooni  Sub County,74,Makueni,413,kbwrNLg8qn9,Mbooni  Sub County,MAKUENI,,,,,AUTHORITATIVE_SUBCOUNTY_NOT_FOUND_IN_CANONICAL_SOURCE
1407,Kiteta-Kisau Ward,414,Y9QRNvbj4ig,358,Mbooni  Sub County,74,Makueni,414,Y9QRNvbj4ig,Mbooni  Sub County,MAKUENI,,,,,AUTHORITATIVE_SUBCOUNTY_NOT_FOUND_IN_CANONICAL_SOURCE
1408,Waia/Kako Ward,415,aMAJt97Ksnm,358,Mbooni  Sub County,74,Makueni,415,aMAJt97Ksnm,Mbooni  Sub County,MAKUENI,,,,,AUTHORITATIVE_SUBCOUNTY_NOT_FOUND_IN_CANONICAL_SOURCE
1409,Kalawa/ Kathulumbi Ward,416,EQCXKT8S5SE,358,Mbooni  Sub County,74,Makueni,416,EQCXKT8S5SE,Mbooni  Sub County,MAKUENI,,,,,AUTHORITATIVE_SUBCOUNTY_NOT_FOUND_IN_CANONICAL_SOURCE
1410,Kasikeu Ward,417,GzIJxIa88Fg,359,Kilome Sub County,74,Makueni,417,GzIJxIa88Fg,Kilome Sub County,MAKUENI,,,,,AUTHORITATIVE_SUBCOUNTY_NOT_FOUND_IN_CANONICAL_SOURCE
1411,Mukaa Ward,418,sZE7f9VLEbp,359,Kilome Sub County,74,Makueni,418,sZE7f9VLEbp,Kilome Sub County,MAKUENI,,,,,AUTHORITATIVE_SUBCOUNTY_NOT_FOUND_IN_CANONICAL_SOURCE
1412,Kiima Kiu/Kalanzoni Ward,419,VnerQmEfHq1,359,Kilome Sub County,74,Makueni,419,VnerQmEfHq1,Kilome Sub County,MAKUENI,,,,,AUTHORITATIVE_SUBCOUNTY_NOT_FOUND_IN_CANONICAL_SOURCE
1413,Ukia ward,420,INKzs9VvqEs,360,Kaiti  Sub County,74,Makueni,420,INKzs9VvqEs,Kaiti  Sub County,MAKUENI,,,,,AUTHORITATIVE_SUBCOUNTY_NOT_FOUND_IN_CANONICAL_SOURCE
1414,Kee ward,421,hlz6Fo6Dr90,360,Kaiti  Sub County,74,Makueni,421,hlz6Fo6Dr90,Kaiti  Sub County,MAKUENI,,,,,AUTHORITATIVE_SUBCOUNTY_NOT_FOUND_IN_CANONICAL_SOURCE
1415,Kilungu ward,422,ObrcNOdPKpV,360,Kaiti  Sub County,74,Makueni,422,ObrcNOdPKpV,Kaiti  Sub County,MAKUENI,,,,,AUTHORITATIVE_SUBCOUNTY_NOT_FOUND_IN_CANONICAL_SOURCE
1416,Ilima ward,423,xB9PrSz7UNP,360,Kaiti  Sub County,74,Makueni,423,xB9PrSz7UNP,Kaiti  Sub County,MAKUENI,,,,,AUTHORITATIVE_SUBCOUNTY_NOT_FOUND_IN_CANONICAL_SOURCE
1424,Makindu Ward,431,HHjcyeBEO9W,362,Kibwezi West  Sub County,74,Makueni,431,HHjcyeBEO9W,Kibwezi West  Sub County,MAKUENI,,,,,AUTHORITATIVE_SUBCOUNTY_NOT_FOUND_IN_CANONICAL_SOURCE
1425,Nguumo Ward,432,ErVmSqffPmn,362,Kibwezi West  Sub County,74,Makueni,432,ErVmSqffPmn,Kibwezi West  Sub County,MAKUENI,,,,,AUTHORITATIVE_SUBCOUNTY_NOT_FOUND_IN_CANONICAL_SOURCE
1426,Kikumbulyu North Ward,433,EvQ0fdCX5Qi,362,Kibwezi West  Sub County,74,Makueni,433,EvQ0fdCX5Qi,Kibwezi West  Sub County,MAKUENI,,,,,AUTHORITATIVE_SUBCOUNTY_NOT_FOUND_IN_CANONICAL_SOURCE
1427,Kikumbulyu South Ward,434,QuGPZs62NHX,362,Kibwezi West  Sub County,74,Makueni,434,QuGPZs62NHX,Kibwezi West  Sub County,MAKUENI,,,,,AUTHORITATIVE_SUBCOUNTY_NOT_FOUND_IN_CANONICAL_SOURCE
1428,Nguu/Masumba Ward,435,SJ03kAWXPyt,362,Kibwezi West  Sub County,74,Makueni,435,SJ03kAWXPyt,Kibwezi West  Sub County,MAKUENI,,,,,AUTHORITATIVE_SUBCOUNTY_NOT_FOUND_IN_CANONICAL_SOURCE
1453,Isukha North Ward,1695,w6TKm6OEgE7,369,Shinyalu Sub County,54,Kakamega,1695,w6TKm6OEgE7,Shinyalu Sub County,Kakamega,,,,,AUTHORITATIVE_SUBCOUNTY_NOT_FOUND_IN_CANONICAL_SOURCE
1454,Murhanda Ward,1696,MtRX8xhwq3F,369,Shinyalu Sub County,54,Kakamega,1696,MtRX8xhwq3F,Shinyalu Sub County,Kakamega,,,,,AUTHORITATIVE_SUBCOUNTY_NOT_FOUND_IN_CANONICAL_SOURCE
1455,Isukha Central Ward,1697,msMd2VRjWK8,369,Shinyalu Sub County,54,Kakamega,1697,msMd2VRjWK8,Shinyalu Sub County,Kakamega,,,,,AUTHORITATIVE_SUBCOUNTY_NOT_FOUND_IN_CANONICAL_SOURCE
1456,Isukha South Ward,1698,xBOLvibwvDH,369,Shinyalu Sub County,54,Kakamega,1698,xBOLvibwvDH,Shinyalu Sub County,Kakamega,,,,,AUTHORITATIVE_SUBCOUNTY_NOT_FOUND_IN_CANONICAL_SOURCE
1457,Isukha East Ward,1699,LwmmrE9075H,369,Shinyalu Sub County,54,Kakamega,1699,LwmmrE9075H,Shinyalu Sub County,Kakamega,,,,,AUTHORITATIVE_SUBCOUNTY_NOT_FOUND_IN_CANONICAL_SOURCE
1458,Isukha West Ward,1700,O32Jm6NiiBu,369,Shinyalu Sub County,54,Kakamega,1700,O32Jm6NiiBu,Shinyalu Sub County,Kakamega,,,,,AUTHORITATIVE_SUBCOUNTY_NOT_FOUND_IN_CANONICAL_SOURCE
1459,Idakho South Ward,1701,gAnhNKgtbOq,370,Ikolomani Sub County,54,Kakamega,1701,gAnhNKgtbOq,Ikolomani Sub County,Kakamega,,,,,AUTHORITATIVE_SUBCOUNTY_NOT_FOUND_IN_CANONICAL_SOURCE
1460,Idakho East Ward,1702,WVPQgX90uxe,370,Ikolomani Sub County,54,Kakamega,1702,WVPQgX90uxe,Ikolomani Sub County,Kakamega,,,,,AUTHORITATIVE_SUBCOUNTY_NOT_FOUND_IN_CANONICAL_SOURCE
1461,Idakho North Ward,1703,bW4Zp3tt8W7,370,Ikolomani Sub County,54,Kakamega,1703,bW4Zp3tt8W7,Ikolomani Sub County,Kakamega,,,,,AUTHORITATIVE_SUBCOUNTY_NOT_FOUND_IN_CANONICAL_SOURCE
1462,Idakho Central Ward,1704,Hh55s4mboMi,370,Ikolomani Sub County,54,Kakamega,1704,Hh55s4mboMi,Ikolomani Sub County,Kakamega,,,,,AUTHORITATIVE_SUBCOUNTY_NOT_FOUND_IN_CANONICAL_SOURCE
1475,Mbitini Ward,351,MLjJaYTdwrs,348,Kitui Rural Sub County,68,Kitui,351,MLjJaYTdwrs,Kitui Rural Sub County,KITUI,,,,,AUTHORITATIVE_SUBCOUNTY_NOT_FOUND_IN_CANONICAL_SOURCE
1476,Kanjuiri range Ward,454,QetTI3w7Tfe,374,Olkalou Sub County,67,Nyandarua,454,QetTI3w7Tfe,Olkalou Sub County,NYANDARUA,,,,,AUTHORITATIVE_SUBCOUNTY_NOT_FOUND_IN_CANONICAL_SOURCE
1478,Zombe/mwitika Ward,359,fgZAe9zffHF,354,Kitui East Sub County,68,Kitui,359,fgZAe9zffHF,Kitui East Sub County,KITUI,,,,,AUTHORITATIVE_SUBCOUNTY_NOT_FOUND_IN_CANONICAL_SOURCE
1484,WARGADUD,206,Pp4y0VFaeLg,325,MANDERA SOUTH,63,Mandera,206,Pp4y0VFaeLg,MANDERA SOUTH,MANDERA,,,,,AUTHORITATIVE_SUBCOUNTY_NOT_FOUND_IN_CANONICAL_SOURCE
1485,Rurii Ward,457,eBk1tdli8XV,374,Olkalou Sub County,67,Nyandarua,457,eBk1tdli8XV,Olkalou Sub County,NYANDARUA,,,,,AUTHORITATIVE_SUBCOUNTY_NOT_FOUND_IN_CANONICAL_SOURCE
1486,Chewele Ward,96,SDz17fk0X0k,299,Bura Sub County,57,Tana River,96,SDz17fk0X0k,Bura Sub County,TANA RIVER,,,,,AUTHORITATIVE_SUBCOUNTY_NOT_FOUND_IN_CANONICAL_SOURCE
1487,KARARE,234,MhwOKHDNTsU,329,SAKU,64,Marsabit,234,MhwOKHDNTsU,SAKU,MARSABIT,,,,,AUTHORITATIVE_SUBCOUNTY_NOT_FOUND_IN_CANONICAL_SOURCE
1488,MARSABIT CENTRAL,235,PVB8iZMsHnd,329,SAKU,64,Marsabit,235,PVB8iZMsHnd,SAKU,MARSABIT,,,,,AUTHORITATIVE_SUBCOUNTY_NOT_FOUND_IN_CANONICAL_SOURCE
1489,LOIYANGALANI,236,xjbfzSmFPMk,330,LAISAMIS,64,Marsabit,236,xjbfzSmFPMk,LAISAMIS,MARSABIT,,,,,AUTHORITATIVE_SUBCOUNTY_NOT_FOUND_IN_CANONICAL_SOURCE
1490,Madogo Ward,100,yTb02ghmk0V,299,Bura Sub County,57,Tana River,100,yTb02ghmk0V,Bura Sub County,TANA RIVER,,,,,AUTHORITATIVE_SUBCOUNTY_NOT_FOUND_IN_CANONICAL_SOURCE
1491,Mayenje Ward,1722,Fh0N1GDepVx,323,Matayos Sub County,62,Busia,1722,Fh0N1GDepVx,Matayos Sub County,Busia,,,,,AUTHORITATIVE_SUBCOUNTY_NOT_FOUND_IN_CANONICAL_SOURCE
1494,Gikondi Ward,487,ohWtG7fskG2,376,Mukurweini Sub County,69,Nyeri,487,ohWtG7fskG2,Mukurweini Sub County,NYERI,,,,,AUTHORITATIVE_SUBCOUNTY_NOT_FOUND_IN_CANONICAL_SOURCE
1495,Rugi Ward,488,EitnMJgAT0z,376,Mukurweini Sub County,69,Nyeri,488,EitnMJgAT0z,Mukurweini Sub County,NYERI,,,,,AUTHORITATIVE_SUBCOUNTY_NOT_FOUND_IN_CANONICAL_SOURCE
1496,Mukurwe-ini west Ward,489,WQtfFgLYHGe,376,Mukurweini Sub County,69,Nyeri,489,WQtfFgLYHGe,Mukurweini Sub County,NYERI,,,,,AUTHORITATIVE_SUBCOUNTY_NOT_FOUND_IN_CANONICAL_SOURCE
1497,Mukurwe-ini central Ward,490,GAsUkSqRL2f,376,Mukurweini Sub County,69,Nyeri,490,GAsUkSqRL2f,Mukurweini Sub County,NYERI,,,,,AUTHORITATIVE_SUBCOUNTY_NOT_FOUND_IN_CANONICAL_SOURCE
1503,Mutithi Ward,496,K3uHCihezz7,378,Kirinyaga North/Mwea West Sub County,75,Kirinyaga,496,K3uHCihezz7,Kirinyaga North/Mwea West Sub County,KIRINYAGA,,,,,AUTHORITATIVE_SUBCOUNTY_NOT_FOUND_IN_CANONICAL_SOURCE
1504,Kangai Ward,497,fghL5DnydV2,378,Kirinyaga North/Mwea West Sub County,75,Kirinyaga,497,fghL5DnydV2,Kirinyaga North/Mwea West Sub County,KIRINYAGA,,,,,AUTHORITATIVE_SUBCOUNTY_NOT_FOUND_IN_CANONICAL_SOURCE
1505,Thiba Ward,498,Fx3891QAEv0,378,Kirinyaga North/Mwea West Sub County,75,Kirinyaga,498,Fx3891QAEv0,Kirinyaga North/Mwea West Sub County,KIRINYAGA,,,,,AUTHORITATIVE_SUBCOUNTY_NOT_FOUND_IN_CANONICAL_SOURCE
1506,Wamumu Ward,499,zMPe9KHPLp0,378,Kirinyaga North/Mwea West Sub County,75,Kirinyaga,499,zMPe9KHPLp0,Kirinyaga North/Mwea West Sub County,KIRINYAGA,,,,,AUTHORITATIVE_SUBCOUNTY_NOT_FOUND_IN_CANONICAL_SOURCE
1507,Nyangati Ward,500,Gsl9Z7f1kbX,379,Kirinyaga South Sub County,75,Kirinyaga,500,Gsl9Z7f1kbX,Kirinyaga South Sub County,KIRINYAGA,,,,,AUTHORITATIVE_SUBCOUNTY_NOT_FOUND_IN_CANONICAL_SOURCE
1508,Murinduko Ward,501,yXzhbb6Zwi8,379,Kirinyaga South Sub County,75,Kirinyaga,501,yXzhbb6Zwi8,Kirinyaga South Sub County,KIRINYAGA,,,,,AUTHORITATIVE_SUBCOUNTY_NOT_FOUND_IN_CANONICAL_SOURCE
1509,Gathigiriri Ward,502,tWc3XLOEMO1,379,Kirinyaga South Sub County,75,Kirinyaga,502,tWc3XLOEMO1,Kirinyaga South Sub County,KIRINYAGA,,,,,AUTHORITATIVE_SUBCOUNTY_NOT_FOUND_IN_CANONICAL_SOURCE
1510,Tebere Ward,503,qrCcjRw4mdw,379,Kirinyaga South Sub County,75,Kirinyaga,503,qrCcjRw4mdw,Kirinyaga South Sub County,KIRINYAGA,,,,,AUTHORITATIVE_SUBCOUNTY_NOT_FOUND_IN_CANONICAL_SOURCE
1528,Wangu Ward,2099,zjVTfkcrCb6,384,Kiharu Sub County,76,Murang'a,2099,zjVTfkcrCb6,Kiharu Sub County,Muranga,,,,,AUTHORITATIVE_SUBCOUNTY_NOT_FOUND_IN_CANONICAL_SOURCE
1529,Mugoiri Ward,2100,EVc3FnW4kcm,384,Kiharu Sub County,76,Murang'a,2100,EVc3FnW4kcm,Kiharu Sub County,Muranga,,,,,AUTHORITATIVE_SUBCOUNTY_NOT_FOUND_IN_CANONICAL_SOURCE
1530,Mbiri Ward,2101,sG1YvrNWJTV,384,Kiharu Sub County,76,Murang'a,2101,sG1YvrNWJTV,Kiharu Sub County,Muranga,,,,,AUTHORITATIVE_SUBCOUNTY_NOT_FOUND_IN_CANONICAL_SOURCE
1531,Township Ward,2102,ELXBhFCPcHC,384,Kiharu Sub County,76,Murang'a,2102,ELXBhFCPcHC,Kiharu Sub County,Muranga,,,,,AUTHORITATIVE_SUBCOUNTY_NOT_FOUND_IN_CANONICAL_SOURCE
1532,Murarandia Ward,2103,d0uIgkgHOaB,384,Kiharu Sub County,76,Murang'a,2103,d0uIgkgHOaB,Kiharu Sub County,Muranga,,,,,AUTHORITATIVE_SUBCOUNTY_NOT_FOUND_IN_CANONICAL_SOURCE
1537,Gaturi Ward,2104,K8rhUYNmJhw,384,Kiharu Sub County,76,Murang'a,2104,K8rhUYNmJhw,Kiharu Sub County,Muranga,,,,,AUTHORITATIVE_SUBCOUNTY_NOT_FOUND_IN_CANONICAL_SOURCE
1566,Leshau/pondo Ward,462,Nv8G0Ki2owJ,395,Ndaragwa Sub County,67,Nyandarua,462,Nv8G0Ki2owJ,Ndaragwa Sub County,NYANDARUA,,,,,AUTHORITATIVE_SUBCOUNTY_NOT_FOUND_IN_CANONICAL_SOURCE
1594,Voo/kyamatu Ward,362,fYDplrDSXQI,354,Kitui East Sub County,68,Kitui,362,fYDplrDSXQI,Kitui East Sub County,KITUI,,,,,AUTHORITATIVE_SUBCOUNTY_NOT_FOUND_IN_CANONICAL_SOURCE
1595,Endau/malalani Ward,363,p0vnle5S7g2,354,Kitui East Sub County,68,Kitui,363,p0vnle5S7g2,Kitui East Sub County,KITUI,,,,,AUTHORITATIVE_SUBCOUNTY_NOT_FOUND_IN_CANONICAL_SOURCE
1596,Mutitu/kaliku Ward,364,qWZAzrzTN2v,354,Kitui East Sub County,68,Kitui,364,qWZAzrzTN2v,Kitui East Sub County,KITUI,,,,,AUTHORITATIVE_SUBCOUNTY_NOT_FOUND_IN_CANONICAL_SOURCE
1597,Ikanga/kyatune Ward,365,BLSmZHA1d92,357,Kitui South Sub County,68,Kitui,365,BLSmZHA1d92,Kitui South Sub County,KITUI,,,,,AUTHORITATIVE_SUBCOUNTY_NOT_FOUND_IN_CANONICAL_SOURCE
1598,Emali/Mulala Ward,436,Q1FhAEC0Ode,362,Kibwezi West  Sub County,74,Makueni,436,Q1FhAEC0Ode,Kibwezi West  Sub County,MAKUENI,,,,,AUTHORITATIVE_SUBCOUNTY_NOT_FOUND_IN_CANONICAL_SOURCE
1599,Masongaleni Ward,437,oVE1UXXDGcA,401,Kibwezi East  Sub County,74,Makueni,437,oVE1UXXDGcA,Kibwezi East  Sub County,MAKUENI,,,,,AUTHORITATIVE_SUBCOUNTY_NOT_FOUND_IN_CANONICAL_SOURCE
1600,Mtito Andei Ward,438,LAm2YbBslNB,401,Kibwezi East  Sub County,74,Makueni,438,LAm2YbBslNB,Kibwezi East  Sub County,MAKUENI,,,,,AUTHORITATIVE_SUBCOUNTY_NOT_FOUND_IN_CANONICAL_SOURCE
1601,Thange Ward,439,zU0IodQbzMz,401,Kibwezi East  Sub County,74,Makueni,439,zU0IodQbzMz,Kibwezi East  Sub County,MAKUENI,,,,,AUTHORITATIVE_SUBCOUNTY_NOT_FOUND_IN_CANONICAL_SOURCE
1602,Ivingoni/Nzambani Ward,440,wFxBj0Hldme,401,Kibwezi East  Sub County,74,Makueni,440,wFxBj0Hldme,Kibwezi East  Sub County,MAKUENI,,,,,AUTHORITATIVE_SUBCOUNTY_NOT_FOUND_IN_CANONICAL_SOURCE
1616,Mathare North Ward,2044,dOQTHZsuaIb,405,Ruaraka  Sub County,79,Nairobi City,2044,dOQTHZsuaIb,Ruaraka  Sub County,Nairobi,,,,,AUTHORITATIVE_SUBCOUNTY_NOT_FOUND_IN_CANONICAL_SOURCE
1619,Imara Daima Ward,2047,Nt7PPe0Vdou,407,Embakasi South Sub County,79,Nairobi City,2047,Nt7PPe0Vdou,Embakasi South Sub County,Nairobi,,,,,AUTHORITATIVE_SUBCOUNTY_NOT_FOUND_IN_CANONICAL_SOURCE
1641,Kilgoris Central  Ward,2158,bFIJdjEp5Kl,411,Transmara West Sub County,80,Narok,2158,bFIJdjEp5Kl,Transmara West Sub County,Narok,,,,,AUTHORITATIVE_SUBCOUNTY_NOT_FOUND_IN_CANONICAL_SOURCE
1703,Kinyoro Ward,683,Qc2e6oVTp0G,425,Saboti  Sub County,81,Trans Nzoia,683,Qc2e6oVTp0G,Saboti  Sub County,TRANS NZOIA,,,,,AUTHORITATIVE_SUBCOUNTY_NOT_FOUND_IN_CANONICAL_SOURCE
1704,Matisi Ward,684,kBH2TFh9qab,425,Saboti  Sub County,81,Trans Nzoia,684,kBH2TFh9qab,Saboti  Sub County,TRANS NZOIA,,,,,AUTHORITATIVE_SUBCOUNTY_NOT_FOUND_IN_CANONICAL_SOURCE
1711,Ting'ang'a Ward,2192,G5RaW09czpW,428,Kiambu Town Sub County,82,Kiambu,2192,G5RaW09czpW,Kiambu Town Sub County,Kiambu,,,,,AUTHORITATIVE_SUBCOUNTY_NOT_FOUND_IN_CANONICAL_SOURCE
1712,Ndumberi Ward,2193,B7Ek2TSSkr9,428,Kiambu Town Sub County,82,Kiambu,2193,B7Ek2TSSkr9,Kiambu Town Sub County,Kiambu,,,,,AUTHORITATIVE_SUBCOUNTY_NOT_FOUND_IN_CANONICAL_SOURCE
1713,Riabai Ward,2194,xgHhSzo3AuN,428,Kiambu Town Sub County,82,Kiambu,2194,xgHhSzo3AuN,Kiambu Town Sub County,Kiambu,,,,,AUTHORITATIVE_SUBCOUNTY_NOT_FOUND_IN_CANONICAL_SOURCE
1714,Kiambu Township Ward,2195,byxif4bfwvo,428,Kiambu Town Sub County,82,Kiambu,2195,byxif4bfwvo,Kiambu Town Sub County,Kiambu,,,,,AUTHORITATIVE_SUBCOUNTY_NOT_FOUND_IN_CANONICAL_SOURCE
1751,Thika Township Ward,2234,x1SnGzy9rZL,439,Thika Town Sub County,82,Kiambu,2234,x1SnGzy9rZL,Thika Town Sub County,Kiambu,,,,,AUTHORITATIVE_SUBCOUNTY_NOT_FOUND_IN_CANONICAL_SOURCE
1752,Kamenu Ward,2235,A7a1GZJvTGD,439,Thika Town Sub County,82,Kiambu,2235,A7a1GZJvTGD,Thika Town Sub County,Kiambu,,,,,AUTHORITATIVE_SUBCOUNTY_NOT_FOUND_IN_CANONICAL_SOURCE
1753,Hospital Ward,2236,UPplEbma7DN,439,Thika Town Sub County,82,Kiambu,2236,UPplEbma7DN,Thika Town Sub County,Kiambu,,,,,AUTHORITATIVE_SUBCOUNTY_NOT_FOUND_IN_CANONICAL_SOURCE
1756,Makutano Ward,695,s38X4K1qhST,441,Cherangany Sub County,81,Trans Nzoia,695,s38X4K1qhST,Cherangany Sub County,TRANS NZOIA,,,,,AUTHORITATIVE_SUBCOUNTY_NOT_FOUND_IN_CANONICAL_SOURCE
1757,Kaplamai Ward,696,wCRljUGZJCA,441,Cherangany Sub County,81,Trans Nzoia,696,wCRljUGZJCA,Cherangany Sub County,TRANS NZOIA,,,,,AUTHORITATIVE_SUBCOUNTY_NOT_FOUND_IN_CANONICAL_SOURCE
1758,Motosiet Ward,697,XXbVgPo8AY8,441,Cherangany Sub County,81,Trans Nzoia,697,XXbVgPo8AY8,Cherangany Sub County,TRANS NZOIA,,,,,AUTHORITATIVE_SUBCOUNTY_NOT_FOUND_IN_CANONICAL_SOURCE
1759,Cherangany/suwerwa Ward,698,OrWMyDLtm7r,441,Cherangany Sub County,81,Trans Nzoia,698,OrWMyDLtm7r,Cherangany Sub County,TRANS NZOIA,,,,,AUTHORITATIVE_SUBCOUNTY_NOT_FOUND_IN_CANONICAL_SOURCE
1760,Chepsiro/kiptoror Ward,699,wC4nO2SVsQH,441,Cherangany Sub County,81,Trans Nzoia,699,wC4nO2SVsQH,Cherangany Sub County,TRANS NZOIA,,,,,AUTHORITATIVE_SUBCOUNTY_NOT_FOUND_IN_CANONICAL_SOURCE
1791,Gatuanyaga Ward,2237,t7COLdUthus,439,Thika Town Sub County,82,Kiambu,2237,t7COLdUthus,Thika Town Sub County,Kiambu,,,,,AUTHORITATIVE_SUBCOUNTY_NOT_FOUND_IN_CANONICAL_SOURCE
1792,Ngoliba Ward,2238,VWuMYjG4YX4,439,Thika Town Sub County,82,Kiambu,2238,VWuMYjG4YX4,Thika Town Sub County,Kiambu,,,,,AUTHORITATIVE_SUBCOUNTY_NOT_FOUND_IN_CANONICAL_SOURCE
1799,BOMBABA BORABU,2273,q6eyMKDnFA0,450,Bomachoge Borabu Sub County,87,Kisii,2273,q6eyMKDnFA0,Bomachoge Borabu Sub County,Kisii,,,,,AUTHORITATIVE_SUBCOUNTY_NOT_FOUND_IN_CANONICAL_SOURCE
1801,Kemeloi-maraba Ward,757,H2b8KHTcJqM,451,Aldai Sub County,88,Nandi,757,H2b8KHTcJqM,Aldai Sub County,NANDI,,,,,AUTHORITATIVE_SUBCOUNTY_NOT_FOUND_IN_CANONICAL_SOURCE
1802,Kobujoi Ward,758,YxP90gGjD63,451,Aldai Sub County,88,Nandi,758,YxP90gGjD63,Aldai Sub County,NANDI,,,,,AUTHORITATIVE_SUBCOUNTY_NOT_FOUND_IN_CANONICAL_SOURCE
1803,Kaptumo/kaboi Ward,759,qj48MUGxhs9,451,Aldai Sub County,88,Nandi,759,qj48MUGxhs9,Aldai Sub County,NANDI,,,,,AUTHORITATIVE_SUBCOUNTY_NOT_FOUND_IN_CANONICAL_SOURCE
1804,Koyo/ndurio Ward,760,UBMIBBujflT,451,Aldai Sub County,88,Nandi,760,UBMIBBujflT,Aldai Sub County,NANDI,,,,,AUTHORITATIVE_SUBCOUNTY_NOT_FOUND_IN_CANONICAL_SOURCE
1807,Mwanda/mgange Ward,119,RXoThrI8OjU,303,Wundanyi Sub County,59,Taita Taveta,119,RXoThrI8OjU,Wundanyi Sub County,TAITA TAVETA,,,,,AUTHORITATIVE_SUBCOUNTY_NOT_FOUND_IN_CANONICAL_SOURCE
1816,Chepkumia Ward,770,J5JM3Ud8ASG,456,Emgwen Sub County,88,Nandi,770,J5JM3Ud8ASG,Emgwen Sub County,NANDI,,,,,AUTHORITATIVE_SUBCOUNTY_NOT_FOUND_IN_CANONICAL_SOURCE
1821,Kapsabet Ward,772,VjsUVNylWoY,456,Emgwen Sub County,88,Nandi,772,VjsUVNylWoY,Emgwen Sub County,NANDI,,,,,AUTHORITATIVE_SUBCOUNTY_NOT_FOUND_IN_CANONICAL_SOURCE
1822,Kilibwoni Ward,773,kHfVrUAnNlI,456,Emgwen Sub County,88,Nandi,773,kHfVrUAnNlI,Emgwen Sub County,NANDI,,,,,AUTHORITATIVE_SUBCOUNTY_NOT_FOUND_IN_CANONICAL_SOURCE
1832,Kabwareng Ward,755,Wh8ROphCMld,451,Aldai Sub County,88,Nandi,755,Wh8ROphCMld,Aldai Sub County,NANDI,,,,,AUTHORITATIVE_SUBCOUNTY_NOT_FOUND_IN_CANONICAL_SOURCE
1833,Ndalat Ward,778,JsaOcykkym2,462,Mosop Sub County,88,Nandi,778,JsaOcykkym2,Mosop Sub County,NANDI,,,,,AUTHORITATIVE_SUBCOUNTY_NOT_FOUND_IN_CANONICAL_SOURCE
1837,Tirioko Ward,781,HTbw8gm6kms,463,Tiaty West Sub County,90,Baringo,781,HTbw8gm6kms,Tiaty Sub County,BARINGO,,,,,AUTHORITATIVE_SUBCOUNTY_NOT_FOUND_IN_CANONICAL_SOURCE
1838,Kolowa Ward,782,LTWLjOZQMqk,463,Tiaty West Sub County,90,Baringo,782,LTWLjOZQMqk,Tiaty Sub County,BARINGO,,,,,AUTHORITATIVE_SUBCOUNTY_NOT_FOUND_IN_CANONICAL_SOURCE
1839,Ribkwo Ward,783,XLsFzNATUQ2,463,Tiaty West Sub County,90,Baringo,783,XLsFzNATUQ2,Tiaty Sub County,BARINGO,,,,,AUTHORITATIVE_SUBCOUNTY_NOT_FOUND_IN_CANONICAL_SOURCE
1840,Silale Ward,784,k2oUoGgQ9Nd,463,Tiaty West Sub County,90,Baringo,784,k2oUoGgQ9Nd,Tiaty Sub County,BARINGO,,,,,AUTHORITATIVE_SUBCOUNTY_NOT_FOUND_IN_CANONICAL_SOURCE
1841,Loiyamorok Ward,785,A7kJTCLxqNq,463,Tiaty West Sub County,90,Baringo,785,A7kJTCLxqNq,Tiaty Sub County,BARINGO,,,,,AUTHORITATIVE_SUBCOUNTY_NOT_FOUND_IN_CANONICAL_SOURCE
1853,Werugha Ward,117,vwpMqmZzByo,303,Wundanyi Sub County,59,Taita Taveta,117,vwpMqmZzByo,Wundanyi Sub County,TAITA TAVETA,,,,,AUTHORITATIVE_SUBCOUNTY_NOT_FOUND_IN_CANONICAL_SOURCE
1867,Kaputiei north Ward,921,BQ7G5kGe1Cv,469,Kajiado East Sub County,92,Kajiado,921,BQ7G5kGe1Cv,Kajiado East Sub County,KAJIADO,,,,,AUTHORITATIVE_SUBCOUNTY_NOT_FOUND_IN_CANONICAL_SOURCE
1868,Kitengela Ward,922,L6v0cndEtYB,469,Kajiado East Sub County,92,Kajiado,922,L6v0cndEtYB,Kajiado East Sub County,KAJIADO,,,,,AUTHORITATIVE_SUBCOUNTY_NOT_FOUND_IN_CANONICAL_SOURCE
1869,Oloosirkon/sholinke Ward,923,oXm4Fpl0iEr,469,Kajiado East Sub County,92,Kajiado,923,oXm4Fpl0iEr,Kajiado East Sub County,KAJIADO,,,,,AUTHORITATIVE_SUBCOUNTY_NOT_FOUND_IN_CANONICAL_SOURCE
1870,Kenyawa-poka Ward,924,KONREaUfSht,469,Kajiado East Sub County,92,Kajiado,924,KONREaUfSht,Kajiado East Sub County,KAJIADO,,,,,AUTHORITATIVE_SUBCOUNTY_NOT_FOUND_IN_CANONICAL_SOURCE
1871,Imaroro Ward,925,ZvbwkucYq4T,469,Kajiado East Sub County,92,Kajiado,925,ZvbwkucYq4T,Kajiado East Sub County,KAJIADO,,,,,AUTHORITATIVE_SUBCOUNTY_NOT_FOUND_IN_CANONICAL_SOURCE
1874,Chilchila Ward,943,aNuklGLRul5,472,Kipkelion West Sub County,56,Kericho,943,aNuklGLRul5,Kipkelion West Sub County,KERICHO,,,,,AUTHORITATIVE_SUBCOUNTY_NOT_FOUND_IN_CANONICAL_SOURCE
1875,Kapsoit Ward,944,oNPVt1oUD8L,295,AINAMOI,56,Kericho,944,oNPVt1oUD8L,Ainamoi Sub County,KERICHO,,,,,AUTHORITATIVE_SUBCOUNTY_NOT_FOUND_IN_CANONICAL_SOURCE
1876,Ainamoi Ward,945,ZJyTpeyEcK5,295,AINAMOI,56,Kericho,945,ZJyTpeyEcK5,Ainamoi Sub County,KERICHO,,,,,AUTHORITATIVE_SUBCOUNTY_NOT_FOUND_IN_CANONICAL_SOURCE
1877,Kapkugerwet Ward,946,D2NqKgPvDTJ,295,AINAMOI,56,Kericho,946,D2NqKgPvDTJ,Ainamoi Sub County,KERICHO,,,,,AUTHORITATIVE_SUBCOUNTY_NOT_FOUND_IN_CANONICAL_SOURCE
1878,Kipchebor Ward,947,H7KO7IjHYfk,295,AINAMOI,56,Kericho,947,H7KO7IjHYfk,Ainamoi Sub County,KERICHO,,,,,AUTHORITATIVE_SUBCOUNTY_NOT_FOUND_IN_CANONICAL_SOURCE
1879,Kipchimchim Ward,948,pI2ju7BZsfE,295,AINAMOI,56,Kericho,948,pI2ju7BZsfE,Ainamoi Sub County,KERICHO,,,,,AUTHORITATIVE_SUBCOUNTY_NOT_FOUND_IN_CANONICAL_SOURCE
1880,Kapsaos Ward,949,V4rpRD8L2PY,295,AINAMOI,56,Kericho,949,V4rpRD8L2PY,Ainamoi Sub County,KERICHO,,,,,AUTHORITATIVE_SUBCOUNTY_NOT_FOUND_IN_CANONICAL_SOURCE
1892,Sigowet Ward,962,BzWaUDxCn6y,474,Sigowet/Soin Sub County,56,Kericho,962,BzWaUDxCn6y,Sigowet/Soin Sub County,KERICHO,,,,,AUTHORITATIVE_SUBCOUNTY_NOT_FOUND_IN_CANONICAL_SOURCE
1893,Kaplelartet Ward,963,pPJvbpIWpvb,474,Sigowet/Soin Sub County,56,Kericho,963,pPJvbpIWpvb,Sigowet/Soin Sub County,KERICHO,,,,,AUTHORITATIVE_SUBCOUNTY_NOT_FOUND_IN_CANONICAL_SOURCE
1894,Soliat Ward,964,dUgf0oEF9if,474,Sigowet/Soin Sub County,56,Kericho,964,dUgf0oEF9if,Sigowet/Soin Sub County,KERICHO,,,,,AUTHORITATIVE_SUBCOUNTY_NOT_FOUND_IN_CANONICAL_SOURCE
1895,Soin Ward,965,bHrDi28DWdF,474,Sigowet/Soin Sub County,56,Kericho,965,bHrDi28DWdF,Sigowet/Soin Sub County,KERICHO,,,,,AUTHORITATIVE_SUBCOUNTY_NOT_FOUND_IN_CANONICAL_SOURCE
1934,Usonga Ward,1886,utYTK2xBC3k,483,Alego Usonga Sub County,83,Siaya,1886,utYTK2xBC3k,Alego Usonga Sub County,Siaya,,,,,AUTHORITATIVE_SUBCOUNTY_NOT_FOUND_IN_CANONICAL_SOURCE
1935,West Alego Ward,1887,zaHyyp9lXME,483,Alego Usonga Sub County,83,Siaya,1887,zaHyyp9lXME,Alego Usonga Sub County,Siaya,,,,,AUTHORITATIVE_SUBCOUNTY_NOT_FOUND_IN_CANONICAL_SOURCE
1936,Central Alego Ward,1888,fpnhZCEZEGQ,483,Alego Usonga Sub County,83,Siaya,1888,fpnhZCEZEGQ,Alego Usonga Sub County,Siaya,,,,,AUTHORITATIVE_SUBCOUNTY_NOT_FOUND_IN_CANONICAL_SOURCE
1937,Siaya Township Ward,1889,bcaDvBIDj6b,483,Alego Usonga Sub County,83,Siaya,1889,bcaDvBIDj6b,Alego Usonga Sub County,Siaya,,,,,AUTHORITATIVE_SUBCOUNTY_NOT_FOUND_IN_CANONICAL_SOURCE
1941,Nyakoe Ward,2005,z8JmM1WxmgG,485,Kitutu Chache South Sub County,87,Kisii,2005,z8JmM1WxmgG,Kitutu Chache South Sub County,Kisii,,,,,AUTHORITATIVE_SUBCOUNTY_NOT_FOUND_IN_CANONICAL_SOURCE
1942,Kisii Central Ward,2006,erVsVGwRwBc,485,Kitutu Chache South Sub County,87,Kisii,2006,erVsVGwRwBc,Kitutu Chache South Sub County,Kisii,,,,,AUTHORITATIVE_SUBCOUNTY_NOT_FOUND_IN_CANONICAL_SOURCE
1943,Parklands/highridge Ward,2008,QhDd2LAuXAF,486,Westlands  Sub County,79,Nairobi City,2008,QhDd2LAuXAF,Westlands  Sub County,Nairobi,,,,,AUTHORITATIVE_SUBCOUNTY_NOT_FOUND_IN_CANONICAL_SOURCE
1944,Kilimani Ward,2012,yXbOIljEz90,487,Dagoretti North Sub County,79,Nairobi City,2012,yXbOIljEz90,Dagoretti North Sub County,Nairobi,,,,,AUTHORITATIVE_SUBCOUNTY_NOT_FOUND_IN_CANONICAL_SOURCE
1945,Kileleshwa Ward,2015,DnVTXbCnup5,487,Dagoretti North Sub County,79,Nairobi City,2015,DnVTXbCnup5,Dagoretti North Sub County,Nairobi,,,,,AUTHORITATIVE_SUBCOUNTY_NOT_FOUND_IN_CANONICAL_SOURCE
1958,Kedowa/kimugul Ward,937,tqCrm5nojsI,491,Kipkelion East Sub County,56,Kericho,937,tqCrm5nojsI,Kipkelion East Sub County,KERICHO,,,,,AUTHORITATIVE_SUBCOUNTY_NOT_FOUND_IN_CANONICAL_SOURCE
1959,Chepseon Ward,938,k828CVWMS7V,491,Kipkelion East Sub County,56,Kericho,938,k828CVWMS7V,Kipkelion East Sub County,KERICHO,,,,,AUTHORITATIVE_SUBCOUNTY_NOT_FOUND_IN_CANONICAL_SOURCE
1960,Tendeno/sorget Ward,939,OrFIWXUMeP6,491,Kipkelion East Sub County,56,Kericho,939,OrFIWXUMeP6,Kipkelion East Sub County,KERICHO,,,,,AUTHORITATIVE_SUBCOUNTY_NOT_FOUND_IN_CANONICAL_SOURCE
1961,Kunyak Ward,940,phnXUDE38Bv,472,Kipkelion West Sub County,56,Kericho,940,phnXUDE38Bv,Kipkelion West Sub County,KERICHO,,,,,AUTHORITATIVE_SUBCOUNTY_NOT_FOUND_IN_CANONICAL_SOURCE
1962,Kamasian Ward,941,O7GqFgG69Md,472,Kipkelion West Sub County,56,Kericho,941,O7GqFgG69Md,Kipkelion West Sub County,KERICHO,,,,,AUTHORITATIVE_SUBCOUNTY_NOT_FOUND_IN_CANONICAL_SOURCE
1963,Kipkelion Ward,942,fLlw3oVxfPp,472,Kipkelion West Sub County,56,Kericho,942,fLlw3oVxfPp,Kipkelion West Sub County,KERICHO,,,,,AUTHORITATIVE_SUBCOUNTY_NOT_FOUND_IN_CANONICAL_SOURCE
1965,Zimmerman Ward,2034,m3CPhYAMMRN,492,Roysambu  Sub County,79,Nairobi City,2034,m3CPhYAMMRN,Roysambu  Sub County,Nairobi,,,,,AUTHORITATIVE_SUBCOUNTY_NOT_FOUND_IN_CANONICAL_SOURCE
1966,Roysambu Ward,2035,RRAEO9Ltfec,492,Roysambu  Sub County,79,Nairobi City,2035,RRAEO9Ltfec,Roysambu  Sub County,Nairobi,,,,,AUTHORITATIVE_SUBCOUNTY_NOT_FOUND_IN_CANONICAL_SOURCE
1970,Lucky Summer Ward,2045,cUX8GhsuLPn,405,Ruaraka  Sub County,79,Nairobi City,2045,cUX8GhsuLPn,Ruaraka  Sub County,Nairobi,,,,,AUTHORITATIVE_SUBCOUNTY_NOT_FOUND_IN_CANONICAL_SOURCE
1971,Korogocho Ward,2046,TqSqq39Jbcz,405,Ruaraka  Sub County,79,Nairobi City,2046,TqSqq39Jbcz,Ruaraka  Sub County,Nairobi,,,,,AUTHORITATIVE_SUBCOUNTY_NOT_FOUND_IN_CANONICAL_SOURCE
1974,Pipeline Ward,2050,vjOR4Xpi2TY,407,Embakasi South Sub County,79,Nairobi City,2050,vjOR4Xpi2TY,Embakasi South Sub County,Nairobi,,,,,AUTHORITATIVE_SUBCOUNTY_NOT_FOUND_IN_CANONICAL_SOURCE
1982,East Kano/wawidhi Ward,1930,ONutw6s6W4y,495,Nyando Sub County,93,Kisumu,1930,ONutw6s6W4y,Nyando Sub County,Kisumu,,,,,AUTHORITATIVE_SUBCOUNTY_NOT_FOUND_IN_CANONICAL_SOURCE
1983,Kabonyo Kanyagwal,1931,LCXl4ftRJYy,495,Nyando Sub County,93,Kisumu,1931,LCXl4ftRJYy,Nyando Sub County,Kisumu,,,,,AUTHORITATIVE_SUBCOUNTY_NOT_FOUND_IN_CANONICAL_SOURCE
1984,Kobura Ward,1932,s2NvoXiAGWj,495,Nyando Sub County,93,Kisumu,1932,s2NvoXiAGWj,Nyando Sub County,Kisumu,,,,,AUTHORITATIVE_SUBCOUNTY_NOT_FOUND_IN_CANONICAL_SOURCE
1990,South West Nyakach Ward,1938,oTl0WEQrKtX,497,Nyakach Sub County,93,Kisumu,1938,oTl0WEQrKtX,Nyakach Sub County,Kisumu,,,,,AUTHORITATIVE_SUBCOUNTY_NOT_FOUND_IN_CANONICAL_SOURCE
1991,North Nyakach Ward,1939,G2B9ridstXR,497,Nyakach Sub County,93,Kisumu,1939,G2B9ridstXR,Nyakach Sub County,Kisumu,,,,,AUTHORITATIVE_SUBCOUNTY_NOT_FOUND_IN_CANONICAL_SOURCE
1992,Central Nyakach Ward,1940,go41UxgIdh5,497,Nyakach Sub County,93,Kisumu,1940,go41UxgIdh5,Nyakach Sub County,Kisumu,,,,,AUTHORITATIVE_SUBCOUNTY_NOT_FOUND_IN_CANONICAL_SOURCE
1993,West Nyakach Ward,1941,cSmqxMnL3hd,497,Nyakach Sub County,93,Kisumu,1941,cSmqxMnL3hd,Nyakach Sub County,Kisumu,,,,,AUTHORITATIVE_SUBCOUNTY_NOT_FOUND_IN_CANONICAL_SOURCE
1994,South East Nyakach Ward,1942,TAZBFBDq6KC,497,Nyakach Sub County,93,Kisumu,1942,TAZBFBDq6KC,Nyakach Sub County,Kisumu,,,,,AUTHORITATIVE_SUBCOUNTY_NOT_FOUND_IN_CANONICAL_SOURCE
1995,Awasi/onjiko Ward,1943,Vi7hrFiryu0,495,Nyando Sub County,93,Kisumu,1943,Vi7hrFiryu0,Nyando Sub County,Kisumu,,,,,AUTHORITATIVE_SUBCOUNTY_NOT_FOUND_IN_CANONICAL_SOURCE
1996,Ahero Ward,1944,F1etBBfosCl,495,Nyando Sub County,93,Kisumu,1944,F1etBBfosCl,Nyando Sub County,Kisumu,,,,,AUTHORITATIVE_SUBCOUNTY_NOT_FOUND_IN_CANONICAL_SOURCE
2003,Nyamaiya Ward,1951,Av8d3lmuaua,500,Nyamira Sub County,94,Nyamira,1951,Av8d3lmuaua,Nyamira Sub County,Nyamira,,,,,AUTHORITATIVE_SUBCOUNTY_NOT_FOUND_IN_CANONICAL_SOURCE
2004,Bogichora Ward,1952,odXKgaPu8B0,500,Nyamira Sub County,94,Nyamira,1952,odXKgaPu8B0,Nyamira Sub County,Nyamira,,,,,AUTHORITATIVE_SUBCOUNTY_NOT_FOUND_IN_CANONICAL_SOURCE
2005,Bosamaro Ward,1953,b3aaM8BOTDz,500,Nyamira Sub County,94,Nyamira,1953,b3aaM8BOTDz,Nyamira Sub County,Nyamira,,,,,AUTHORITATIVE_SUBCOUNTY_NOT_FOUND_IN_CANONICAL_SOURCE
2006,Bonyamatuta Ward,1954,d7n8GfG2cFO,500,Nyamira Sub County,94,Nyamira,1954,d7n8GfG2cFO,Nyamira Sub County,Nyamira,,,,,AUTHORITATIVE_SUBCOUNTY_NOT_FOUND_IN_CANONICAL_SOURCE
2007,Township Ward,1955,tjmkRVSEHwx,500,Nyamira Sub County,94,Nyamira,1955,tjmkRVSEHwx,Nyamira Sub County,Nyamira,,,,,AUTHORITATIVE_SUBCOUNTY_NOT_FOUND_IN_CANONICAL_SOURCE
2017,Bomariba Ward,1965,lRfveTknPgF,503,Bonchari  Sub County,87,Kisii,1965,lRfveTknPgF,Bonchari  Sub County,Kisii,,,,,AUTHORITATIVE_SUBCOUNTY_NOT_FOUND_IN_CANONICAL_SOURCE
2018,Bogiakumu Ward,1966,JKJtpBP77A1,503,Bonchari  Sub County,87,Kisii,1966,JKJtpBP77A1,Bonchari  Sub County,Kisii,,,,,AUTHORITATIVE_SUBCOUNTY_NOT_FOUND_IN_CANONICAL_SOURCE
2019,Bomorenda Ward,1967,MyzWMCaSFlX,503,Bonchari  Sub County,87,Kisii,1967,MyzWMCaSFlX,Bonchari  Sub County,Kisii,,,,,AUTHORITATIVE_SUBCOUNTY_NOT_FOUND_IN_CANONICAL_SOURCE
2020,Riana Ward,1968,f2pOlRPY9gE,503,Bonchari  Sub County,87,Kisii,1968,f2pOlRPY9gE,Bonchari  Sub County,Kisii,,,,,AUTHORITATIVE_SUBCOUNTY_NOT_FOUND_IN_CANONICAL_SOURCE
2021,Tabaka Ward,1969,e0kbTojCjio,504,South Mugirango Sub County,87,Kisii,1969,e0kbTojCjio,South Mugirango Sub County,Kisii,,,,,AUTHORITATIVE_SUBCOUNTY_NOT_FOUND_IN_CANONICAL_SOURCE
2022,Boikanga Ward,1970,OrArvkA4MbA,504,South Mugirango Sub County,87,Kisii,1970,OrArvkA4MbA,South Mugirango Sub County,Kisii,,,,,AUTHORITATIVE_SUBCOUNTY_NOT_FOUND_IN_CANONICAL_SOURCE
2023,Bogetenga Ward,1971,NZLSKCRL1O0,504,South Mugirango Sub County,87,Kisii,1971,NZLSKCRL1O0,South Mugirango Sub County,Kisii,,,,,AUTHORITATIVE_SUBCOUNTY_NOT_FOUND_IN_CANONICAL_SOURCE
2024,Borabu Chitago Ward,1972,fBGAi2rHJgE,504,South Mugirango Sub County,87,Kisii,1972,fBGAi2rHJgE,South Mugirango Sub County,Kisii,,,,,AUTHORITATIVE_SUBCOUNTY_NOT_FOUND_IN_CANONICAL_SOURCE
2025,Moticho Ward,1973,nbMilBEW7vk,504,South Mugirango Sub County,87,Kisii,1973,nbMilBEW7vk,South Mugirango Sub County,Kisii,,,,,AUTHORITATIVE_SUBCOUNTY_NOT_FOUND_IN_CANONICAL_SOURCE
2026,Getenga Ward,1974,lY9h6WKKqjC,504,South Mugirango Sub County,87,Kisii,1974,lY9h6WKKqjC,South Mugirango Sub County,Kisii,,,,,AUTHORITATIVE_SUBCOUNTY_NOT_FOUND_IN_CANONICAL_SOURCE
2027,Bokimonge Ward,1975,F0FgIasVA92,450,Bomachoge Borabu Sub County,87,Kisii,1975,F0FgIasVA92,Bomachoge Borabu Sub County,Kisii,,,,,AUTHORITATIVE_SUBCOUNTY_NOT_FOUND_IN_CANONICAL_SOURCE
2028,Magenche Ward,1976,DHNNNbrtKX9,450,Bomachoge Borabu Sub County,87,Kisii,1976,DHNNNbrtKX9,Bomachoge Borabu Sub County,Kisii,,,,,AUTHORITATIVE_SUBCOUNTY_NOT_FOUND_IN_CANONICAL_SOURCE
2029,Masige West Ward,1977,kNhuVMT4NIA,505,Bobasi Sub County,87,Kisii,1977,kNhuVMT4NIA,Bobasi Sub County,Kisii,,,,,AUTHORITATIVE_SUBCOUNTY_NOT_FOUND_IN_CANONICAL_SOURCE
2030,Masige East Ward,1978,ZmF6haTsiNT,505,Bobasi Sub County,87,Kisii,1978,ZmF6haTsiNT,Bobasi Sub County,Kisii,,,,,AUTHORITATIVE_SUBCOUNTY_NOT_FOUND_IN_CANONICAL_SOURCE
2031,Basi Central Ward,1979,UGCnusbnkFI,505,Bobasi Sub County,87,Kisii,1979,UGCnusbnkFI,Bobasi Sub County,Kisii,,,,,AUTHORITATIVE_SUBCOUNTY_NOT_FOUND_IN_CANONICAL_SOURCE
2032,Nyacheki Ward,1980,oAXSVQp3K0O,505,Bobasi Sub County,87,Kisii,1980,oAXSVQp3K0O,Bobasi Sub County,Kisii,,,,,AUTHORITATIVE_SUBCOUNTY_NOT_FOUND_IN_CANONICAL_SOURCE
2033,Bassi Bogetaorio Ward,1981,u15fCmBOYHT,505,Bobasi Sub County,87,Kisii,1981,u15fCmBOYHT,Bobasi Sub County,Kisii,,,,,AUTHORITATIVE_SUBCOUNTY_NOT_FOUND_IN_CANONICAL_SOURCE
2034,Bobasi Chache Ward,1982,Xwhn2CB2cZ3,505,Bobasi Sub County,87,Kisii,1982,Xwhn2CB2cZ3,Bobasi Sub County,Kisii,,,,,AUTHORITATIVE_SUBCOUNTY_NOT_FOUND_IN_CANONICAL_SOURCE
2035,Sameta Mokwerero Ward,1983,qH2ke0Qrbu7,505,Bobasi Sub County,87,Kisii,1983,qH2ke0Qrbu7,Bobasi Sub County,Kisii,,,,,AUTHORITATIVE_SUBCOUNTY_NOT_FOUND_IN_CANONICAL_SOURCE
2036,Bobasi Boitangare Ward,1984,wXOHBThI5Kf,505,Bobasi Sub County,87,Kisii,1984,wXOHBThI5Kf,Bobasi Sub County,Kisii,,,,,AUTHORITATIVE_SUBCOUNTY_NOT_FOUND_IN_CANONICAL_SOURCE
2037,Majoge Basi Ward,1985,fOorbUi6HUx,506,Bomachoge Chache Sub County,87,Kisii,1985,fOorbUi6HUx,Bomachoge Chache Sub County,Kisii,,,,,AUTHORITATIVE_SUBCOUNTY_NOT_FOUND_IN_CANONICAL_SOURCE
2038,Boochi Tendere Ward,1986,R8gqeFZV0qT,506,Bomachoge Chache Sub County,87,Kisii,1986,R8gqeFZV0qT,Bomachoge Chache Sub County,Kisii,,,,,AUTHORITATIVE_SUBCOUNTY_NOT_FOUND_IN_CANONICAL_SOURCE
2039,Bosoti Sengera Ward,1987,BNC4x8wPAsw,506,Bomachoge Chache Sub County,87,Kisii,1987,BNC4x8wPAsw,Bomachoge Chache Sub County,Kisii,,,,,AUTHORITATIVE_SUBCOUNTY_NOT_FOUND_IN_CANONICAL_SOURCE
2040,Ichuni Ward,1988,TSCRn3jEAXw,507,Nyaribari Masaba Sub County,87,Kisii,1988,TSCRn3jEAXw,Nyaribari Masaba Sub County,Kisii,,,,,AUTHORITATIVE_SUBCOUNTY_NOT_FOUND_IN_CANONICAL_SOURCE
2041,Nyamasibi Ward,1989,CbtRAlHp1JA,507,Nyaribari Masaba Sub County,87,Kisii,1989,CbtRAlHp1JA,Nyaribari Masaba Sub County,Kisii,,,,,AUTHORITATIVE_SUBCOUNTY_NOT_FOUND_IN_CANONICAL_SOURCE
2042,Masimba Ward,1990,CDUIv5RI0VU,507,Nyaribari Masaba Sub County,87,Kisii,1990,CDUIv5RI0VU,Nyaribari Masaba Sub County,Kisii,,,,,AUTHORITATIVE_SUBCOUNTY_NOT_FOUND_IN_CANONICAL_SOURCE
2043,Gesusu Ward,1991,GC3CIljaAjo,507,Nyaribari Masaba Sub County,87,Kisii,1991,GC3CIljaAjo,Nyaribari Masaba Sub County,Kisii,,,,,AUTHORITATIVE_SUBCOUNTY_NOT_FOUND_IN_CANONICAL_SOURCE
2044,Kiamokama Ward,1992,cpLjDOte8ze,507,Nyaribari Masaba Sub County,87,Kisii,1992,cpLjDOte8ze,Nyaribari Masaba Sub County,Kisii,,,,,AUTHORITATIVE_SUBCOUNTY_NOT_FOUND_IN_CANONICAL_SOURCE
2045,Bobaracho Ward,1993,H5US8Zu9bIJ,508,Nyaribari Chache  Sub County,87,Kisii,1993,H5US8Zu9bIJ,Nyaribari Chache  Sub County,Kisii,,,,,AUTHORITATIVE_SUBCOUNTY_NOT_FOUND_IN_CANONICAL_SOURCE
2046,Keumbu Ward,1995,fsE425Pq6Bo,508,Nyaribari Chache  Sub County,87,Kisii,1995,fsE425Pq6Bo,Nyaribari Chache  Sub County,Kisii,,,,,AUTHORITATIVE_SUBCOUNTY_NOT_FOUND_IN_CANONICAL_SOURCE
2047,Kiogoro Ward,1996,o25UHSbQwGY,508,Nyaribari Chache  Sub County,87,Kisii,1996,o25UHSbQwGY,Nyaribari Chache  Sub County,Kisii,,,,,AUTHORITATIVE_SUBCOUNTY_NOT_FOUND_IN_CANONICAL_SOURCE
2048,Birongo Ward,1997,g8iPQGXNRmg,508,Nyaribari Chache  Sub County,87,Kisii,1997,g8iPQGXNRmg,Nyaribari Chache  Sub County,Kisii,,,,,AUTHORITATIVE_SUBCOUNTY_NOT_FOUND_IN_CANONICAL_SOURCE
2050,Lower Savanna Ward,2063,Qjd5eRv25sb,509,Embakasi East Sub County,79,Nairobi City,2063,Qjd5eRv25sb,Embakasi East Sub County,Nairobi,,,,,AUTHORITATIVE_SUBCOUNTY_NOT_FOUND_IN_CANONICAL_SOURCE
2051,Embakasi Ward,2064,raV5YKTRCG2,509,Embakasi East Sub County,79,Nairobi City,2064,raV5YKTRCG2,Embakasi East Sub County,Nairobi,,,,,AUTHORITATIVE_SUBCOUNTY_NOT_FOUND_IN_CANONICAL_SOURCE
2052,Utawala Ward,2065,rEwQxmUPoZE,509,Embakasi East Sub County,79,Nairobi City,2065,rEwQxmUPoZE,Embakasi East Sub County,Nairobi,,,,,AUTHORITATIVE_SUBCOUNTY_NOT_FOUND_IN_CANONICAL_SOURCE
2053,Mihango Ward,2066,GwVllI2Zdfe,509,Embakasi East Sub County,79,Nairobi City,2066,GwVllI2Zdfe,Embakasi East Sub County,Nairobi,,,,,AUTHORITATIVE_SUBCOUNTY_NOT_FOUND_IN_CANONICAL_SOURCE
2055,Sensi Ward,2000,SmXNTLIxvM0,510,Kitutu Chache North Sub County,87,Kisii,2000,SmXNTLIxvM0,Kitutu Chache North Sub County,Kisii,,,,,AUTHORITATIVE_SUBCOUNTY_NOT_FOUND_IN_CANONICAL_SOURCE
2064,Kawangware Ward,2013,arZgeTW65s5,487,Dagoretti North Sub County,79,Nairobi City,2013,arZgeTW65s5,Dagoretti North Sub County,Nairobi,,,,,AUTHORITATIVE_SUBCOUNTY_NOT_FOUND_IN_CANONICAL_SOURCE
2065,Landimawe Ward,2084,oYFOeehTMK2,513,Starehe  Sub County,79,Nairobi City,2084,oYFOeehTMK2,Starehe  Sub County,Nairobi,,,,,AUTHORITATIVE_SUBCOUNTY_NOT_FOUND_IN_CANONICAL_SOURCE
2066,Nairobi South Ward,2085,LYgnp1wcewP,513,Starehe  Sub County,79,Nairobi City,2085,LYgnp1wcewP,Starehe  Sub County,Nairobi,,,,,AUTHORITATIVE_SUBCOUNTY_NOT_FOUND_IN_CANONICAL_SOURCE
2071,Keyian Ward,2159,mq1FEx5vQZ4,411,Transmara West Sub County,80,Narok,2159,mq1FEx5vQZ4,Transmara West Sub County,Narok,,,,,AUTHORITATIVE_SUBCOUNTY_NOT_FOUND_IN_CANONICAL_SOURCE
2072,Angata Barikoi Ward,2160,QYQsVGsbKWg,411,Transmara West Sub County,80,Narok,2160,QYQsVGsbKWg,Transmara West Sub County,Narok,,,,,AUTHORITATIVE_SUBCOUNTY_NOT_FOUND_IN_CANONICAL_SOURCE
2073,Shankoe Ward,2161,L1Lr24F5gyc,411,Transmara West Sub County,80,Narok,2161,L1Lr24F5gyc,Transmara West Sub County,Narok,,,,,AUTHORITATIVE_SUBCOUNTY_NOT_FOUND_IN_CANONICAL_SOURCE
2074,Kimintet Ward,2162,BCIB2lbwUN4,411,Transmara West Sub County,80,Narok,2162,BCIB2lbwUN4,Transmara West Sub County,Narok,,,,,AUTHORITATIVE_SUBCOUNTY_NOT_FOUND_IN_CANONICAL_SOURCE
2075,Lolgorian Ward,2163,jhNc8UIGW4Y,411,Transmara West Sub County,80,Narok,2163,jhNc8UIGW4Y,Transmara West Sub County,Narok,,,,,AUTHORITATIVE_SUBCOUNTY_NOT_FOUND_IN_CANONICAL_SOURCE
2076,Iikerin Ward,2164,lQwlJ2oi5zA,515,Transmara East Sub County,80,Narok,2164,lQwlJ2oi5zA,Transmara East Sub County,Narok,,,,,AUTHORITATIVE_SUBCOUNTY_NOT_FOUND_IN_CANONICAL_SOURCE
2077,Ololmasani Ward,2165,tVa5R01HhNz,515,Transmara East Sub County,80,Narok,2165,tVa5R01HhNz,Transmara East Sub County,Narok,,,,,AUTHORITATIVE_SUBCOUNTY_NOT_FOUND_IN_CANONICAL_SOURCE
2078,Mogondo Ward,2166,VcvJbIcShgA,515,Transmara East Sub County,80,Narok,2166,VcvJbIcShgA,Transmara East Sub County,Narok,,,,,AUTHORITATIVE_SUBCOUNTY_NOT_FOUND_IN_CANONICAL_SOURCE
2084,BOOCHI BORABU,2274,iklOZN0Ok77,450,Bomachoge Borabu Sub County,87,Kisii,2274,iklOZN0Ok77,Bomachoge Borabu Sub County,Kisii,,,,,AUTHORITATIVE_SUBCOUNTY_NOT_FOUND_IN_CANONICAL_SOURCE
2085,Kipini east Ward,86,UD0FqqyuxBJ,517,Garsen Sub County,57,Tana River,86,UD0FqqyuxBJ,Garsen Sub County,TANA RIVER,,,,,AUTHORITATIVE_SUBCOUNTY_NOT_FOUND_IN_CANONICAL_SOURCE
2086,Garsen south Ward,87,dckG5TO7hf8,517,Garsen Sub County,57,Tana River,87,dckG5TO7hf8,Garsen Sub County,TANA RIVER,,,,,AUTHORITATIVE_SUBCOUNTY_NOT_FOUND_IN_CANONICAL_SOURCE
2087,BANISSA,196,doitLG3v6PZ,518,BANISSA,63,Mandera,196,doitLG3v6PZ,BANISSA,MANDERA,,,,,AUTHORITATIVE_SUBCOUNTY_NOT_FOUND_IN_CANONICAL_SOURCE
2088,DERKHALE,197,C72ryGO9u3f,518,BANISSA,63,Mandera,197,C72ryGO9u3f,BANISSA,MANDERA,,,,,AUTHORITATIVE_SUBCOUNTY_NOT_FOUND_IN_CANONICAL_SOURCE
2116,Kabiro Ward,2016,Kzpb8gvmSkz,487,Dagoretti North Sub County,79,Nairobi City,2016,Kzpb8gvmSkz,Dagoretti North Sub County,Nairobi,,,,,AUTHORITATIVE_SUBCOUNTY_NOT_FOUND_IN_CANONICAL_SOURCE
2117,Mutu-ini Ward,2017,HuBMlfYHHEy,524,Dagoretti South Sub County,79,Nairobi City,2017,HuBMlfYHHEy,Dagoretti South Sub County,Nairobi,,,,,AUTHORITATIVE_SUBCOUNTY_NOT_FOUND_IN_CANONICAL_SOURCE
2118,Ngando Ward,2018,bK37v9AMeU3,524,Dagoretti South Sub County,79,Nairobi City,2018,bK37v9AMeU3,Dagoretti South Sub County,Nairobi,,,,,AUTHORITATIVE_SUBCOUNTY_NOT_FOUND_IN_CANONICAL_SOURCE
2119,Riruta Ward,2019,PTKcICD0k31,524,Dagoretti South Sub County,79,Nairobi City,2019,PTKcICD0k31,Dagoretti South Sub County,Nairobi,,,,,AUTHORITATIVE_SUBCOUNTY_NOT_FOUND_IN_CANONICAL_SOURCE
2120,Uthiru/ruthimitu Ward,2020,jaQjWqSJPAd,524,Dagoretti South Sub County,79,Nairobi City,2020,jaQjWqSJPAd,Dagoretti South Sub County,Nairobi,,,,,AUTHORITATIVE_SUBCOUNTY_NOT_FOUND_IN_CANONICAL_SOURCE
2121,Waithaka Ward,2021,pUKcRGZTyGW,524,Dagoretti South Sub County,79,Nairobi City,2021,pUKcRGZTyGW,Dagoretti South Sub County,Nairobi,,,,,AUTHORITATIVE_SUBCOUNTY_NOT_FOUND_IN_CANONICAL_SOURCE
2151,North Alego Ward,1860,zcpKiQgMNyb,483,Alego Usonga Sub County,83,Siaya,1860,zcpKiQgMNyb,Alego Usonga Sub County,Siaya,,,,,AUTHORITATIVE_SUBCOUNTY_NOT_FOUND_IN_CANONICAL_SOURCE
2152,South East Alego Ward,1861,hMo6PZnvQqb,483,Alego Usonga Sub County,83,Siaya,1861,hMo6PZnvQqb,Alego Usonga Sub County,Siaya,,,,,AUTHORITATIVE_SUBCOUNTY_NOT_FOUND_IN_CANONICAL_SOURCE
2177,Ibeno Ward,1998,v0dNWrWeT7B,508,Nyaribari Chache  Sub County,87,Kisii,1998,v0dNWrWeT7B,Nyaribari Chache  Sub County,Kisii,,,,,AUTHORITATIVE_SUBCOUNTY_NOT_FOUND_IN_CANONICAL_SOURCE
2178,Monyerero Ward,1999,PwxIcksWPYQ,510,Kitutu Chache North Sub County,87,Kisii,1999,PwxIcksWPYQ,Kitutu Chache North Sub County,Kisii,,,,,AUTHORITATIVE_SUBCOUNTY_NOT_FOUND_IN_CANONICAL_SOURCE
2179,Marani Ward,2001,BR5uAoEu5yV,510,Kitutu Chache North Sub County,87,Kisii,2001,BR5uAoEu5yV,Kitutu Chache North Sub County,Kisii,,,,,AUTHORITATIVE_SUBCOUNTY_NOT_FOUND_IN_CANONICAL_SOURCE
2180,Kegogi Ward,2002,O8hNbyssZJJ,510,Kitutu Chache North Sub County,87,Kisii,2002,O8hNbyssZJJ,Kitutu Chache North Sub County,Kisii,,,,,AUTHORITATIVE_SUBCOUNTY_NOT_FOUND_IN_CANONICAL_SOURCE
2181,Bogusero Ward,2003,rWETDR5My3k,485,Kitutu Chache South Sub County,87,Kisii,2003,rWETDR5My3k,Kitutu Chache South Sub County,Kisii,,,,,AUTHORITATIVE_SUBCOUNTY_NOT_FOUND_IN_CANONICAL_SOURCE
2182,Bogeka Ward,2004,TwsN9rzFim6,485,Kitutu Chache South Sub County,87,Kisii,2004,TwsN9rzFim6,Kitutu Chache South Sub County,Kisii,,,,,AUTHORITATIVE_SUBCOUNTY_NOT_FOUND_IN_CANONICAL_SOURCE
2183,Nyatieko Ward,2007,Dvfw4PI207c,485,Kitutu Chache South Sub County,87,Kisii,2007,Dvfw4PI207c,Kitutu Chache South Sub County,Kisii,,,,,AUTHORITATIVE_SUBCOUNTY_NOT_FOUND_IN_CANONICAL_SOURCE
2184,Karura Ward,2009,CNKaaMOOKGn,486,Westlands  Sub County,79,Nairobi City,2009,CNKaaMOOKGn,Westlands  Sub County,Nairobi,,,,,AUTHORITATIVE_SUBCOUNTY_NOT_FOUND_IN_CANONICAL_SOURCE
2185,Kangemi Ward,2010,HWHpeXSxVCb,486,Westlands  Sub County,79,Nairobi City,2010,HWHpeXSxVCb,Westlands  Sub County,Nairobi,,,,,AUTHORITATIVE_SUBCOUNTY_NOT_FOUND_IN_CANONICAL_SOURCE
2186,Mountain View Ward,2011,Wrx3LFjULLl,486,Westlands  Sub County,79,Nairobi City,2011,Wrx3LFjULLl,Westlands  Sub County,Nairobi,,,,,AUTHORITATIVE_SUBCOUNTY_NOT_FOUND_IN_CANONICAL_SOURCE
2188,Gatina Ward,2014,ufzdiFbvPYg,487,Dagoretti North Sub County,79,Nairobi City,2014,ufzdiFbvPYg,Dagoretti North Sub County,Nairobi,,,,,AUTHORITATIVE_SUBCOUNTY_NOT_FOUND_IN_CANONICAL_SOURCE
2189,Sangalo/kebulonik Ward,780,Vh31LHi1RC8,462,Mosop Sub County,88,Nandi,780,Vh31LHi1RC8,Mosop Sub County,NANDI,,,,,AUTHORITATIVE_SUBCOUNTY_NOT_FOUND_IN_CANONICAL_SOURCE
2190,Tangulbei/korossi Ward,786,i4HY1pMsQ4q,463,Tiaty West Sub County,90,Baringo,786,i4HY1pMsQ4q,Tiaty Sub County,BARINGO,,,,,AUTHORITATIVE_SUBCOUNTY_NOT_FOUND_IN_CANONICAL_SOURCE
2193,Churo/amaya Ward,787,gF0VBsLJhxK,463,Tiaty West Sub County,90,Baringo,787,gF0VBsLJhxK,Tiaty Sub County,BARINGO,,,,,AUTHORITATIVE_SUBCOUNTY_NOT_FOUND_IN_CANONICAL_SOURCE
2215,Londiani Ward,936,hnO1LFuQFvR,491,Kipkelion East Sub County,56,Kericho,936,hnO1LFuQFvR,Kipkelion East Sub County,KERICHO,,,,,AUTHORITATIVE_SUBCOUNTY_NOT_FOUND_IN_CANONICAL_SOURCE
2218,Githurai Ward,2032,FNDsOKdbWTO,492,Roysambu  Sub County,79,Nairobi City,2032,FNDsOKdbWTO,Roysambu  Sub County,Nairobi,,,,,AUTHORITATIVE_SUBCOUNTY_NOT_FOUND_IN_CANONICAL_SOURCE
2219,Kahawa West,2033,gJel307q0y1,492,Roysambu  Sub County,79,Nairobi City,2033,gJel307q0y1,Roysambu  Sub County,Nairobi,,,,,AUTHORITATIVE_SUBCOUNTY_NOT_FOUND_IN_CANONICAL_SOURCE
2220,Kahawa,2036,ihmR2IRWnpi,492,Roysambu  Sub County,79,Nairobi City,2036,ihmR2IRWnpi,Roysambu  Sub County,Nairobi,,,,,AUTHORITATIVE_SUBCOUNTY_NOT_FOUND_IN_CANONICAL_SOURCE
2224,Babandogo,2042,OObzseEJrMs,405,Ruaraka  Sub County,79,Nairobi City,2042,OObzseEJrMs,Ruaraka  Sub County,Nairobi,,,,,AUTHORITATIVE_SUBCOUNTY_NOT_FOUND_IN_CANONICAL_SOURCE
2225,Utalii Ward,2043,r1YlC9GTC4S,405,Ruaraka  Sub County,79,Nairobi City,2043,r1YlC9GTC4S,Ruaraka  Sub County,Nairobi,,,,,AUTHORITATIVE_SUBCOUNTY_NOT_FOUND_IN_CANONICAL_SOURCE
2226,Kwa Njenga Ward,2048,XnWPNKPDxxo,407,Embakasi South Sub County,79,Nairobi City,2048,XnWPNKPDxxo,Embakasi South Sub County,Nairobi,,,,,AUTHORITATIVE_SUBCOUNTY_NOT_FOUND_IN_CANONICAL_SOURCE
2227,Dandora Area Iv Ward,2056,rj9COmxBpVr,533,Embakasi North Sub County,79,Nairobi City,2056,rj9COmxBpVr,Embakasi North Sub County,Nairobi,,,,,AUTHORITATIVE_SUBCOUNTY_NOT_FOUND_IN_CANONICAL_SOURCE
2228,Kwa Reuben Ward,2049,HvcGWkiIxjp,407,Embakasi South Sub County,79,Nairobi City,2049,HvcGWkiIxjp,Embakasi South Sub County,Nairobi,,,,,AUTHORITATIVE_SUBCOUNTY_NOT_FOUND_IN_CANONICAL_SOURCE
2229,Umoja I Ward,2067,Zmv9YmuisYs,534,Embakasi West Sub County,79,Nairobi City,2067,Zmv9YmuisYs,Embakasi West Sub County,Nairobi,,,,,AUTHORITATIVE_SUBCOUNTY_NOT_FOUND_IN_CANONICAL_SOURCE
2230,Kware Ward,2051,A1sIHVzJM77,407,Embakasi South Sub County,79,Nairobi City,2051,A1sIHVzJM77,Embakasi South Sub County,Nairobi,,,,,AUTHORITATIVE_SUBCOUNTY_NOT_FOUND_IN_CANONICAL_SOURCE
2231,Kariobangi North Ward,2052,YMBLUc2euxC,533,Embakasi North Sub County,79,Nairobi City,2052,YMBLUc2euxC,Embakasi North Sub County,Nairobi,,,,,AUTHORITATIVE_SUBCOUNTY_NOT_FOUND_IN_CANONICAL_SOURCE
2232,Dandora Area I Ward,2053,Qusks6YHAmd,533,Embakasi North Sub County,79,Nairobi City,2053,Qusks6YHAmd,Embakasi North Sub County,Nairobi,,,,,AUTHORITATIVE_SUBCOUNTY_NOT_FOUND_IN_CANONICAL_SOURCE
2233,Dandora Area Ii Ward,2054,KhxCmDKgYMT,533,Embakasi North Sub County,79,Nairobi City,2054,KhxCmDKgYMT,Embakasi North Sub County,Nairobi,,,,,AUTHORITATIVE_SUBCOUNTY_NOT_FOUND_IN_CANONICAL_SOURCE
2234,Dandora Area Iii Ward,2055,UrLRfZeC3Oq,533,Embakasi North Sub County,79,Nairobi City,2055,UrLRfZeC3Oq,Embakasi North Sub County,Nairobi,,,,,AUTHORITATIVE_SUBCOUNTY_NOT_FOUND_IN_CANONICAL_SOURCE
2235,Kayole North Ward,2057,ETN4UDiD5y5,535,Embakasi Central Sub County,79,Nairobi City,2057,ETN4UDiD5y5,Embakasi Central Sub County,Nairobi,,,,,AUTHORITATIVE_SUBCOUNTY_NOT_FOUND_IN_CANONICAL_SOURCE
2236,Kayole Central Ward,2058,BMzkWPbVOCH,535,Embakasi Central Sub County,79,Nairobi City,2058,BMzkWPbVOCH,Embakasi Central Sub County,Nairobi,,,,,AUTHORITATIVE_SUBCOUNTY_NOT_FOUND_IN_CANONICAL_SOURCE
2237,Umoja Ii Ward,2068,ivNrlSMRNra,534,Embakasi West Sub County,79,Nairobi City,2068,ivNrlSMRNra,Embakasi West Sub County,Nairobi,,,,,AUTHORITATIVE_SUBCOUNTY_NOT_FOUND_IN_CANONICAL_SOURCE
2238,Kayole South Ward,2059,UJlaR99kRxm,535,Embakasi Central Sub County,79,Nairobi City,2059,UJlaR99kRxm,Embakasi Central Sub County,Nairobi,,,,,AUTHORITATIVE_SUBCOUNTY_NOT_FOUND_IN_CANONICAL_SOURCE
2240,Komarock Ward,2060,I6S3XcUsF34,535,Embakasi Central Sub County,79,Nairobi City,2060,I6S3XcUsF34,Embakasi Central Sub County,Nairobi,,,,,AUTHORITATIVE_SUBCOUNTY_NOT_FOUND_IN_CANONICAL_SOURCE
2241,Matopeni/spring Valley Ward,2061,xhXsdnqx3eX,535,Embakasi Central Sub County,79,Nairobi City,2061,xhXsdnqx3eX,Embakasi Central Sub County,Nairobi,,,,,AUTHORITATIVE_SUBCOUNTY_NOT_FOUND_IN_CANONICAL_SOURCE
2243,Upper Savanna Ward,2062,OaqOHmb6jNs,509,Embakasi East Sub County,79,Nairobi City,2062,OaqOHmb6jNs,Embakasi East Sub County,Nairobi,,,,,AUTHORITATIVE_SUBCOUNTY_NOT_FOUND_IN_CANONICAL_SOURCE
2244,Mowlem Ward,2069,ujYuDykrrXi,534,Embakasi West Sub County,79,Nairobi City,2069,ujYuDykrrXi,Embakasi West Sub County,Nairobi,,,,,AUTHORITATIVE_SUBCOUNTY_NOT_FOUND_IN_CANONICAL_SOURCE
2245,Kariobangi South Ward,2070,WJ020FJI9yB,534,Embakasi West Sub County,79,Nairobi City,2070,WJ020FJI9yB,Embakasi West Sub County,Nairobi,,,,,AUTHORITATIVE_SUBCOUNTY_NOT_FOUND_IN_CANONICAL_SOURCE
2250,Sinyerere Ward,694,hHfS8R69bEH,441,Cherangany Sub County,81,Trans Nzoia,694,hHfS8R69bEH,Cherangany Sub County,TRANS NZOIA,,,,,AUTHORITATIVE_SUBCOUNTY_NOT_FOUND_IN_CANONICAL_SOURCE
2253,Nairobi Central Ward,2080,KJHG9zDp2UR,513,Starehe  Sub County,79,Nairobi City,2080,KJHG9zDp2UR,Starehe  Sub County,Nairobi,,,,,AUTHORITATIVE_SUBCOUNTY_NOT_FOUND_IN_CANONICAL_SOURCE
2260,Terik Ward,756,ojy9ffncq0R,451,Aldai Sub County,88,Nandi,756,ojy9ffncq0R,Aldai Sub County,NANDI,,,,,AUTHORITATIVE_SUBCOUNTY_NOT_FOUND_IN_CANONICAL_SOURCE
2261,Ngara Ward Ward,2081,QKZyfxaG8EJ,513,Starehe  Sub County,79,Nairobi City,2081,QKZyfxaG8EJ,Starehe  Sub County,Nairobi,,,,,AUTHORITATIVE_SUBCOUNTY_NOT_FOUND_IN_CANONICAL_SOURCE
2262,Pangani Ward,2082,DR0BSs3eYeC,513,Starehe  Sub County,79,Nairobi City,2082,DR0BSs3eYeC,Starehe  Sub County,Nairobi,,,,,AUTHORITATIVE_SUBCOUNTY_NOT_FOUND_IN_CANONICAL_SOURCE
2263,Ziwani/kariokor,2083,nRw6kIlJ23L,513,Starehe  Sub County,79,Nairobi City,2083,nRw6kIlJ23L,Starehe  Sub County,Nairobi,,,,,AUTHORITATIVE_SUBCOUNTY_NOT_FOUND_IN_CANONICAL_SOURCE
2269,Kitisuru Ward,2092,TpTOC5VcUGe,486,Westlands  Sub County,79,Nairobi City,2092,TpTOC5VcUGe,Westlands  Sub County,Nairobi,,,,,AUTHORITATIVE_SUBCOUNTY_NOT_FOUND_IN_CANONICAL_SOURCE
2283,Kapsasian Ward,2167,D9H082cdWsj,515,Transmara East Sub County,80,Narok,2167,D9H082cdWsj,Transmara East Sub County,Narok,,,,,AUTHORITATIVE_SUBCOUNTY_NOT_FOUND_IN_CANONICAL_SOURCE
2309,Ruguru-Ngandori Ward,311,ncD8mIBXHRn,542,Manyatta  Sub County,89,Embu,311,ncD8mIBXHRn,Manyatta  Sub County,EMBU,,,,,AUTHORITATIVE_SUBCOUNTY_NOT_FOUND_IN_CANONICAL_SOURCE
2310,Kithimu Ward,312,lMTHF7AFCSP,542,Manyatta  Sub County,89,Embu,312,lMTHF7AFCSP,Manyatta  Sub County,EMBU,,,,,AUTHORITATIVE_SUBCOUNTY_NOT_FOUND_IN_CANONICAL_SOURCE
2311,Nginda Ward,313,juDN8sSnk3O,542,Manyatta  Sub County,89,Embu,313,juDN8sSnk3O,Manyatta  Sub County,EMBU,,,,,AUTHORITATIVE_SUBCOUNTY_NOT_FOUND_IN_CANONICAL_SOURCE
2312,Mbeti north Ward,314,vEAFtHnPDrX,542,Manyatta  Sub County,89,Embu,314,vEAFtHnPDrX,Manyatta  Sub County,EMBU,,,,,AUTHORITATIVE_SUBCOUNTY_NOT_FOUND_IN_CANONICAL_SOURCE
2313,Kirimari Ward,315,GjGpfHjSGbO,542,Manyatta  Sub County,89,Embu,315,GjGpfHjSGbO,Manyatta  Sub County,EMBU,,,,,AUTHORITATIVE_SUBCOUNTY_NOT_FOUND_IN_CANONICAL_SOURCE
2314,Gaturi south Ward,316,FUD1yUgctME,542,Manyatta  Sub County,89,Embu,316,FUD1yUgctME,Manyatta  Sub County,EMBU,,,,,AUTHORITATIVE_SUBCOUNTY_NOT_FOUND_IN_CANONICAL_SOURCE
2315,Gaturi north Ward,317,s3eywuLj65m,542,Manyatta  Sub County,89,Embu,317,s3eywuLj65m,Manyatta  Sub County,EMBU,,,,,AUTHORITATIVE_SUBCOUNTY_NOT_FOUND_IN_CANONICAL_SOURCE
2316,Kaagari South Ward,318,QpKvk4GkYRI,543,Runyenjes  Sub County,89,Embu,318,QpKvk4GkYRI,Runyenjes  Sub County,EMBU,,,,,AUTHORITATIVE_SUBCOUNTY_NOT_FOUND_IN_CANONICAL_SOURCE
2317,Central ward,319,wZh1OhsZAK2,543,Runyenjes  Sub County,89,Embu,319,wZh1OhsZAK2,Runyenjes  Sub County,EMBU,,,,,AUTHORITATIVE_SUBCOUNTY_NOT_FOUND_IN_CANONICAL_SOURCE
2318,Kaagari North Ward,320,kiVPb44vhiR,543,Runyenjes  Sub County,89,Embu,320,kiVPb44vhiR,Runyenjes  Sub County,EMBU,,,,,AUTHORITATIVE_SUBCOUNTY_NOT_FOUND_IN_CANONICAL_SOURCE
2321,Ngomeni Ward,331,zR0sWpigMWE,343,Mwingi North Sub County,68,Kitui,331,zR0sWpigMWE,Mwingi North Sub County,KITUI,,,,,AUTHORITATIVE_SUBCOUNTY_NOT_FOUND_IN_CANONICAL_SOURCE
2322,Kyuso Ward,332,WJLrTzwzXNb,343,Mwingi North Sub County,68,Kitui,332,WJLrTzwzXNb,Mwingi North Sub County,KITUI,,,,,AUTHORITATIVE_SUBCOUNTY_NOT_FOUND_IN_CANONICAL_SOURCE
2348,GUBA,198,lZqCQuWJGTO,518,BANISSA,63,Mandera,198,lZqCQuWJGTO,BANISSA,MANDERA,,,,,AUTHORITATIVE_SUBCOUNTY_NOT_FOUND_IN_CANONICAL_SOURCE
2349,MALKAMARI,199,eLXthnYAfFd,518,BANISSA,63,Mandera,199,eLXthnYAfFd,BANISSA,MANDERA,,,,,AUTHORITATIVE_SUBCOUNTY_NOT_FOUND_IN_CANONICAL_SOURCE
2350,Kipini west Ward,88,SmP2VkWU2f9,517,Garsen Sub County,57,Tana River,88,SmP2VkWU2f9,Garsen Sub County,TANA RIVER,,,,,AUTHORITATIVE_SUBCOUNTY_NOT_FOUND_IN_CANONICAL_SOURCE
2351,Garsen central Ward,89,y1cIpVUXwUj,517,Garsen Sub County,57,Tana River,89,y1cIpVUXwUj,Garsen Sub County,TANA RIVER,,,,,AUTHORITATIVE_SUBCOUNTY_NOT_FOUND_IN_CANONICAL_SOURCE
2352,Garsen west Ward,90,urcMYGpY3xy,517,Garsen Sub County,57,Tana River,90,urcMYGpY3xy,Garsen Sub County,TANA RIVER,,,,,AUTHORITATIVE_SUBCOUNTY_NOT_FOUND_IN_CANONICAL_SOURCE
2357,KILIWAHERI,200,ZEJu2asfUfk,518,BANISSA,63,Mandera,200,ZEJu2asfUfk,BANISSA,MANDERA,,,,,AUTHORITATIVE_SUBCOUNTY_NOT_FOUND_IN_CANONICAL_SOURCE
2358,ELWAK NORTH,209,h0htcHoe6tJ,325,MANDERA SOUTH,63,Mandera,209,h0htcHoe6tJ,MANDERA SOUTH,MANDERA,,,,,AUTHORITATIVE_SUBCOUNTY_NOT_FOUND_IN_CANONICAL_SOURCE
2361,KARGI/SOUTH HORR,237,RaSqiM3lgfo,330,LAISAMIS,64,Marsabit,237,RaSqiM3lgfo,LAISAMIS,MARSABIT,,,,,AUTHORITATIVE_SUBCOUNTY_NOT_FOUND_IN_CANONICAL_SOURCE
2362,KORR/NGURUNIT,238,si4GkeAGSXo,330,LAISAMIS,64,Marsabit,238,si4GkeAGSXo,LAISAMIS,MARSABIT,,,,,AUTHORITATIVE_SUBCOUNTY_NOT_FOUND_IN_CANONICAL_SOURCE
2363,Garsen north Ward,91,aLLewdAnspB,517,Garsen Sub County,57,Tana River,91,aLLewdAnspB,Garsen Sub County,TANA RIVER,,,,,AUTHORITATIVE_SUBCOUNTY_NOT_FOUND_IN_CANONICAL_SOURCE
2364,LOGOLOGO,239,ooyM9K6FAXE,330,LAISAMIS,64,Marsabit,239,ooyM9K6FAXE,LAISAMIS,MARSABIT,,,,,AUTHORITATIVE_SUBCOUNTY_NOT_FOUND_IN_CANONICAL_SOURCE
2372,Ganga Ward,299,AIL7D1wnOIl,341,Mwimbi Sub County,66,Tharaka Nithi,299,AIL7D1wnOIl,Mwimbi Sub County,THARAKA-NITHI,,,,,AUTHORITATIVE_SUBCOUNTY_NOT_FOUND_IN_CANONICAL_SOURCE
2373,Chogoria Ward,300,yQ9Js5EZ61q,341,Mwimbi Sub County,66,Tharaka Nithi,300,yQ9Js5EZ61q,Mwimbi Sub County,THARAKA-NITHI,,,,,AUTHORITATIVE_SUBCOUNTY_NOT_FOUND_IN_CANONICAL_SOURCE
2375,Karingani Ward,302,UQd8QPTpVD0,548,Chuka Sub County,66,Tharaka Nithi,302,UQd8QPTpVD0,Chuka Sub County,THARAKA-NITHI,,,,,AUTHORITATIVE_SUBCOUNTY_NOT_FOUND_IN_CANONICAL_SOURCE
2376,Magumoni Ward,303,vGpXQ5hFNmS,548,Chuka Sub County,66,Tharaka Nithi,303,vGpXQ5hFNmS,Chuka Sub County,THARAKA-NITHI,,,,,AUTHORITATIVE_SUBCOUNTY_NOT_FOUND_IN_CANONICAL_SOURCE
2377,Mugwe Ward,304,mr7zhcDiR5h,548,Chuka Sub County,66,Tharaka Nithi,304,mr7zhcDiR5h,Chuka Sub County,THARAKA-NITHI,,,,,AUTHORITATIVE_SUBCOUNTY_NOT_FOUND_IN_CANONICAL_SOURCE
2378,Kyeni north Ward,321,QRBxWEQZUpe,543,Runyenjes  Sub County,89,Embu,321,QRBxWEQZUpe,Runyenjes  Sub County,EMBU,,,,,AUTHORITATIVE_SUBCOUNTY_NOT_FOUND_IN_CANONICAL_SOURCE
2379,Kyeni south Ward,322,hA5gPMwN9gK,543,Runyenjes  Sub County,89,Embu,322,hA5gPMwN9gK,Runyenjes  Sub County,EMBU,,,,,AUTHORITATIVE_SUBCOUNTY_NOT_FOUND_IN_CANONICAL_SOURCE
2386,Kisasi Ward,350,ZkMkC815uDw,348,Kitui Rural Sub County,68,Kitui,350,ZkMkC815uDw,Kitui Rural Sub County,KITUI,,,,,AUTHORITATIVE_SUBCOUNTY_NOT_FOUND_IN_CANONICAL_SOURCE
2389,Chuluni Ward,361,CHn58eAvVl9,354,Kitui East Sub County,68,Kitui,361,CHn58eAvVl9,Kitui East Sub County,KITUI,,,,,AUTHORITATIVE_SUBCOUNTY_NOT_FOUND_IN_CANONICAL_SOURCE
2390,Mutomo Ward,366,ToGeasli0pe,357,Kitui South Sub County,68,Kitui,366,ToGeasli0pe,Kitui South Sub County,KITUI,,,,,AUTHORITATIVE_SUBCOUNTY_NOT_FOUND_IN_CANONICAL_SOURCE
2391,Mutha Ward,367,V2yqe9L0ha7,357,Kitui South Sub County,68,Kitui,367,V2yqe9L0ha7,Kitui South Sub County,KITUI,,,,,AUTHORITATIVE_SUBCOUNTY_NOT_FOUND_IN_CANONICAL_SOURCE
2392,Kanziko Ward,369,zNPxEQ4AIcH,357,Kitui South Sub County,68,Kitui,369,zNPxEQ4AIcH,Kitui South Sub County,KITUI,,,,,AUTHORITATIVE_SUBCOUNTY_NOT_FOUND_IN_CANONICAL_SOURCE
2397,Karau Ward,453,b7xmixlTNYm,374,Olkalou Sub County,67,Nyandarua,453,b7xmixlTNYm,Olkalou Sub County,NYANDARUA,,,,,AUTHORITATIVE_SUBCOUNTY_NOT_FOUND_IN_CANONICAL_SOURCE
2398,Mirangine Ward,455,QFG9oFhHG2F,374,Olkalou Sub County,67,Nyandarua,455,QFG9oFhHG2F,Olkalou Sub County,NYANDARUA,,,,,AUTHORITATIVE_SUBCOUNTY_NOT_FOUND_IN_CANONICAL_SOURCE
2399,Kaimbaga Ward,456,hYNt8KLy0zR,374,Olkalou Sub County,67,Nyandarua,456,hYNt8KLy0zR,Olkalou Sub County,NYANDARUA,,,,,AUTHORITATIVE_SUBCOUNTY_NOT_FOUND_IN_CANONICAL_SOURCE
2400,Gathanji Ward,458,xNnLSFClkz7,342,Oljoroorok Sub County,67,Nyandarua,458,xNnLSFClkz7,Oljoroorok Sub County,NYANDARUA,,,,,AUTHORITATIVE_SUBCOUNTY_NOT_FOUND_IN_CANONICAL_SOURCE
2401,Gatimu Ward,459,hh7VWuhTI6A,342,Oljoroorok Sub County,67,Nyandarua,459,hh7VWuhTI6A,Oljoroorok Sub County,NYANDARUA,,,,,AUTHORITATIVE_SUBCOUNTY_NOT_FOUND_IN_CANONICAL_SOURCE
2402,Weru Ward,460,yOvD8h5gUOb,342,Oljoroorok Sub County,67,Nyandarua,460,yOvD8h5gUOb,Oljoroorok Sub County,NYANDARUA,,,,,AUTHORITATIVE_SUBCOUNTY_NOT_FOUND_IN_CANONICAL_SOURCE
2403,Kiritta Ward,463,xzY6X2bhxaT,395,Ndaragwa Sub County,67,Nyandarua,463,xzY6X2bhxaT,Ndaragwa Sub County,NYANDARUA,,,,,AUTHORITATIVE_SUBCOUNTY_NOT_FOUND_IN_CANONICAL_SOURCE
2404,Central Ward,464,e0xkgk6TZEG,395,Ndaragwa Sub County,67,Nyandarua,464,e0xkgk6TZEG,Ndaragwa Sub County,NYANDARUA,,,,,AUTHORITATIVE_SUBCOUNTY_NOT_FOUND_IN_CANONICAL_SOURCE
2405,Shamata Ward,465,W9GVYGq6UqK,395,Ndaragwa Sub County,67,Nyandarua,465,W9GVYGq6UqK,Ndaragwa Sub County,NYANDARUA,,,,,AUTHORITATIVE_SUBCOUNTY_NOT_FOUND_IN_CANONICAL_SOURCE
2436,Tuwani Ward,685,xpKH3jY02I5,425,Saboti  Sub County,81,Trans Nzoia,685,xpKH3jY02I5,Saboti  Sub County,TRANS NZOIA,,,,,AUTHORITATIVE_SUBCOUNTY_NOT_FOUND_IN_CANONICAL_SOURCE
2437,Saboti Ward,686,OBSb0eIl4tb,425,Saboti  Sub County,81,Trans Nzoia,686,OBSb0eIl4tb,Saboti  Sub County,TRANS NZOIA,,,,,AUTHORITATIVE_SUBCOUNTY_NOT_FOUND_IN_CANONICAL_SOURCE
2438,Machewa Ward,687,GQFH01xLj74,425,Saboti  Sub County,81,Trans Nzoia,687,GQFH01xLj74,Saboti  Sub County,TRANS NZOIA,,,,,AUTHORITATIVE_SUBCOUNTY_NOT_FOUND_IN_CANONICAL_SOURCE
2441,Sitatunga Ward,700,jUfXO40BeXD,441,Cherangany Sub County,81,Trans Nzoia,700,jUfXO40BeXD,Cherangany Sub County,TRANS NZOIA,,,,,AUTHORITATIVE_SUBCOUNTY_NOT_FOUND_IN_CANONICAL_SOURCE
2463,Kapkangani Ward,771,deAxq0HNUFb,456,Emgwen Sub County,88,Nandi,771,deAxq0HNUFb,Emgwen Sub County,NANDI,,,,,AUTHORITATIVE_SUBCOUNTY_NOT_FOUND_IN_CANONICAL_SOURCE
2464,Chepterwai Ward,774,eB5qRSOhocc,462,Mosop Sub County,88,Nandi,774,eB5qRSOhocc,Mosop Sub County,NANDI,,,,,AUTHORITATIVE_SUBCOUNTY_NOT_FOUND_IN_CANONICAL_SOURCE
2465,Kipkaren Ward,775,Dfh61wYrllH,462,Mosop Sub County,88,Nandi,775,Dfh61wYrllH,Mosop Sub County,NANDI,,,,,AUTHORITATIVE_SUBCOUNTY_NOT_FOUND_IN_CANONICAL_SOURCE
2466,Kurgung/surungai Ward,776,UDgBjC3Y1eU,462,Mosop Sub County,88,Nandi,776,UDgBjC3Y1eU,Mosop Sub County,NANDI,,,,,AUTHORITATIVE_SUBCOUNTY_NOT_FOUND_IN_CANONICAL_SOURCE
2467,Kabiyet Ward,777,Qno2Rye1no5,462,Mosop Sub County,88,Nandi,777,Qno2Rye1no5,Mosop Sub County,NANDI,,,,,AUTHORITATIVE_SUBCOUNTY_NOT_FOUND_IN_CANONICAL_SOURCE
2468,Kabisaga Ward,779,upEtsdaf6Ri,462,Mosop Sub County,88,Nandi,779,upEtsdaf6Ri,Mosop Sub County,NANDI,,,,,AUTHORITATIVE_SUBCOUNTY_NOT_FOUND_IN_CANONICAL_SOURCE
2628,Kisii Central Ward,1994,IO0zXx5HVO2,508,Nyaribari Chache  Sub County,87,Kisii,1994,IO0zXx5HVO2,Nyaribari Chache  Sub County,Kisii,,,,,AUTHORITATIVE_SUBCOUNTY_NOT_FOUND_IN_CANONICAL_SOURCE