authoritativeCounty,authoritativeSubCounty,countyId,countyName,canonicalFound,canonicalCode,canonicalCountyCode,canonicalName,canonicalHeadquarters,selectedCandidateId,selectedCandidateName,resolutionStatus,resolutionReason,geoJsonWardCount,geoJsonGids,prismaCandidates
Bungoma,Kabuchai Sub County,53,Bungoma,false,,,,,,,CANONICAL_NOT_FOUND,No matching record was found in subcounties.json. Matching attempt: NO_CANONICAL_SOURCE_MATCH,4,1609;1610;1611;1612,282:Kabuchai Sub County
Bungoma,Kanduyi Sub County,53,Bungoma,false,,,,,,,CANONICAL_NOT_FOUND,No matching record was found in subcounties.json. Matching attempt: NO_CANONICAL_SOURCE_MATCH,8,1620;1621;1622;1623;1624;1625;1626;1627,284:Kanduyi Sub County
Bungoma,Mt Elgon Sub County,53,Bungoma,false,,,,,,,CANONICAL_NOT_FOUND,No matching record was found in subcounties.json. Matching attempt: NO_CANONICAL_SOURCE_MATCH,2,1604;1605,280:Mt Elgon Sub County
Bungoma,Sirisia Sub County,53,Bungoma,false,,,,,,,CANONICAL_NOT_FOUND,No matching record was found in subcounties.json. Matching attempt: NO_CANONICAL_SOURCE_MATCH,3,1606;1607;1608,281:Sirisia Sub County
Bungoma,Webuye  East Sub County,53,Bungoma,false,,,,,,,CANONICAL_NOT_FOUND,No matching record was found in subcounties.json. Matching attempt: NO_CANONICAL_SOURCE_MATCH,3,1628;1629;1630,355:Webuye  East Sub County
Busia,Matayos Sub County,62,Busia,false,,,,,,,CANONICAL_NOT_FOUND,No matching record was found in subcounties.json. Matching attempt: NO_CANONICAL_SOURCE_MATCH,5,1721;1722;1723;1724;1725,323:Matayos Sub County
EMBU,Manyatta  Sub County,89,Embu,false,,,,,,,CANONICAL_NOT_FOUND,No matching record was found in subcounties.json. Matching attempt: NO_CANONICAL_SOURCE_MATCH,7,311;312;313;314;315;316;317,542:Manyatta  Sub County
EMBU,Runyenjes  Sub County,89,Embu,false,,,,,,,CANONICAL_NOT_FOUND,No matching record was found in subcounties.json. Matching attempt: NO_CANONICAL_SOURCE_MATCH,5,318;319;320;321;322,543:Runyenjes  Sub County
Homa Bay,Homa Bay Town Sub County,51,Homa Bay,false,,,,,,,CANONICAL_NOT_FOUND,No matching record was found in subcounties.json. Matching attempt: NO_CANONICAL_SOURCE_MATCH,4,1555;1556;1557;1558,271:Homa Bay Town Sub County
Homa Bay,Kabondo Kasipul Sub County,51,Homa Bay,false,,,,,,,CANONICAL_NOT_FOUND,No matching record was found in subcounties.json. Matching attempt: NO_CANONICAL_SOURCE_MATCH,4,1540;1541;1542;1543,268:Kabondo Kasipul Sub County
Homa Bay,Karachuonyo Sub County,51,Homa Bay,false,,,,,,,CANONICAL_NOT_FOUND,No matching record was found in subcounties.json. Matching attempt: NO_CANONICAL_SOURCE_MATCH,7,1544;1545;1546;1547;1548;1549;1550,269:Karachuonyo Sub County
Homa Bay,Kasipul Sub County,51,Homa Bay,false,,,,,,,CANONICAL_NOT_FOUND,No matching record was found in subcounties.json. Matching attempt: NO_CANONICAL_SOURCE_MATCH,5,1535;1536;1537;1538;1539,267:Kasipul Sub County
Homa Bay,Mbita Sub County,51,Homa Bay,false,,,,,,,CANONICAL_NOT_FOUND,No matching record was found in subcounties.json. Matching attempt: NO_CANONICAL_SOURCE_MATCH,5,1566;1567;1568;1569;1570,273:Mbita Sub County
Homa Bay,Suba Sub County,51,Homa Bay,false,,,,,,,CANONICAL_NOT_FOUND,No matching record was found in subcounties.json. Matching attempt: NO_CANONICAL_SOURCE_MATCH,4,1571;1572;1573;1574,310:Suba Sub County
KAJIADO,Kajiado East Sub County,92,Kajiado,false,,,,,,,CANONICAL_NOT_FOUND,No matching record was found in subcounties.json. Matching attempt: NO_CANONICAL_SOURCE_MATCH,5,921;922;923;924;925,469:Kajiado East Sub County
Kakamega,Ikolomani Sub County,54,Kakamega,false,,,,,,,CANONICAL_NOT_FOUND,No matching record was found in subcounties.json. Matching attempt: NO_CANONICAL_SOURCE_MATCH,4,1701;1702;1703;1704,370:Ikolomani Sub County
Kakamega,Lurambi Sub County,54,Kakamega,false,,,,,,,CANONICAL_NOT_FOUND,No matching record was found in subcounties.json. Matching attempt: NO_CANONICAL_SOURCE_MATCH,6,1663;1664;1665;1666;1667;1668,291:Lurambi Sub County
Kakamega,Malava Sub County,54,Kakamega,false,,,,,,,CANONICAL_NOT_FOUND,No matching record was found in subcounties.json. Matching attempt: NO_CANONICAL_SOURCE_MATCH,7,1656;1657;1658;1659;1660;1661;1662,290:Malava Sub County
Kakamega,Shinyalu Sub County,54,Kakamega,false,,,,,,,CANONICAL_NOT_FOUND,No matching record was found in subcounties.json. Matching attempt: NO_CANONICAL_SOURCE_MATCH,6,1695;1696;1697;1698;1699;1700,369:Shinyalu Sub County
KERICHO,AINAMOI,56,Kericho,false,,,,,,,CANONICAL_NOT_FOUND,No matching record was found in subcounties.json. Matching attempt: NO_CANONICAL_SOURCE_MATCH,7,944;945;946;947;948;949;961,295:AINAMOI
KERICHO,Kipkelion East Sub County,56,Kericho,false,,,,,,,CANONICAL_NOT_FOUND,No matching record was found in subcounties.json. Matching attempt: NO_CANONICAL_SOURCE_MATCH,4,936;937;938;939,491:Kipkelion East Sub County
KERICHO,Kipkelion West Sub County,56,Kericho,false,,,,,,,CANONICAL_NOT_FOUND,No matching record was found in subcounties.json. Matching attempt: NO_CANONICAL_SOURCE_MATCH,4,940;941;942;943,472:Kipkelion West Sub County
KERICHO,Sigowet/Soin Sub County,56,Kericho,false,,,,,,,CANONICAL_NOT_FOUND,No matching record was found in subcounties.json. Matching attempt: NO_CANONICAL_SOURCE_MATCH,4,962;963;964;965,474:Sigowet/Soin Sub County
Kiambu,Kiambu Town Sub County,82,Kiambu,false,,,,,,,CANONICAL_NOT_FOUND,No matching record was found in subcounties.json. Matching attempt: NO_CANONICAL_SOURCE_MATCH,4,2192;2193;2194;2195,428:Kiambu Town Sub County
Kiambu,Thika Town Sub County,82,Kiambu,false,,,,,,,CANONICAL_NOT_FOUND,No matching record was found in subcounties.json. Matching attempt: NO_CANONICAL_SOURCE_MATCH,5,2234;2235;2236;2237;2238,439:Thika Town Sub County
KIRINYAGA,Kirinyaga North/Mwea West Sub County,75,Kirinyaga,false,,,,,,,CANONICAL_NOT_FOUND,No matching record was found in subcounties.json. Matching attempt: NO_CANONICAL_SOURCE_MATCH,4,496;497;498;499,378:Kirinyaga North/Mwea West Sub County
KIRINYAGA,Kirinyaga South Sub County,75,Kirinyaga,false,,,,,,,CANONICAL_NOT_FOUND,No matching record was found in subcounties.json. Matching attempt: NO_CANONICAL_SOURCE_MATCH,4,500;501;502;503,379:Kirinyaga South Sub County
Kisii,Bobasi Sub County,87,Kisii,false,,,,,,,CANONICAL_NOT_FOUND,No matching record was found in subcounties.json. Matching attempt: NO_CANONICAL_SOURCE_MATCH,8,1977;1978;1979;1980;1981;1982;1983;1984,505:Bobasi Sub County
Kisii,Bomachoge Borabu Sub County,87,Kisii,false,,,,,,,CANONICAL_NOT_FOUND,No matching record was found in subcounties.json. Matching attempt: NO_CANONICAL_SOURCE_MATCH,4,1975;1976;2273;2274,450:Bomachoge Borabu Sub County
Kisii,Bomachoge Chache Sub County,87,Kisii,false,,,,,,,CANONICAL_NOT_FOUND,No matching record was found in subcounties.json. Matching attempt: NO_CANONICAL_SOURCE_MATCH,3,1985;1986;1987,506:Bomachoge Chache Sub County
Kisii,Bonchari  Sub County,87,Kisii,false,,,,,,,CANONICAL_NOT_FOUND,No matching record was found in subcounties.json. Matching attempt: NO_CANONICAL_SOURCE_MATCH,4,1965;1966;1967;1968,503:Bonchari  Sub County
Kisii,Kitutu Chache North Sub County,87,Kisii,false,,,,,,,CANONICAL_NOT_FOUND,No matching record was found in subcounties.json. Matching attempt: NO_CANONICAL_SOURCE_MATCH,4,1999;2000;2001;2002,510:Kitutu Chache North Sub County
Kisii,Kitutu Chache South Sub County,87,Kisii,false,,,,,,,CANONICAL_NOT_FOUND,No matching record was found in subcounties.json. Matching attempt: NO_CANONICAL_SOURCE_MATCH,5,2003;2004;2005;2006;2007,485:Kitutu Chache South Sub County
Kisii,Nyaribari Chache  Sub County,87,Kisii,false,,,,,,,CANONICAL_NOT_FOUND,No matching record was found in subcounties.json. Matching attempt: NO_CANONICAL_SOURCE_MATCH,6,1993;1994;1995;1996;1997;1998,508:Nyaribari Chache  Sub County
Kisii,Nyaribari Masaba Sub County,87,Kisii,false,,,,,,,CANONICAL_NOT_FOUND,No matching record was found in subcounties.json. Matching attempt: NO_CANONICAL_SOURCE_MATCH,5,1988;1989;1990;1991;1992,507:Nyaribari Masaba Sub County
Kisii,South Mugirango Sub County,87,Kisii,false,,,,,,,CANONICAL_NOT_FOUND,No matching record was found in subcounties.json. Matching attempt: NO_CANONICAL_SOURCE_MATCH,6,1969;1970;1971;1972;1973;1974,504:South Mugirango Sub County
Kisumu,Nyakach Sub County,93,Kisumu,false,,,,,,,CANONICAL_NOT_FOUND,No matching record was found in subcounties.json. Matching attempt: NO_CANONICAL_SOURCE_MATCH,5,1938;1939;1940;1941;1942,497:Nyakach Sub County
Kisumu,Nyando Sub County,93,Kisumu,false,,,,,,,CANONICAL_NOT_FOUND,No matching record was found in subcounties.json. Matching attempt: NO_CANONICAL_SOURCE_MATCH,5,1930;1931;1932;1943;1944,495:Nyando Sub County
KITUI,Kitui East Sub County,68,Kitui,false,,,,,,,CANONICAL_NOT_FOUND,No matching record was found in subcounties.json. Matching attempt: NO_CANONICAL_SOURCE_MATCH,6,359;360;361;362;363;364,354:Kitui East Sub County
KITUI,Kitui Rural Sub County,68,Kitui,false,,,,,,,CANONICAL_NOT_FOUND,No matching record was found in subcounties.json. Matching attempt: NO_CANONICAL_SOURCE_MATCH,4,350;351;352;353,348:Kitui Rural Sub County
KITUI,Kitui South Sub County,68,Kitui,false,,,,,,,CANONICAL_NOT_FOUND,No matching record was found in subcounties.json. Matching attempt: NO_CANONICAL_SOURCE_MATCH,6,365;366;367;368;369;370,357:Kitui South Sub County
KITUI,Mwingi North Sub County,68,Kitui,false,,,,,,,CANONICAL_NOT_FOUND,No matching record was found in subcounties.json. Matching attempt: NO_CANONICAL_SOURCE_MATCH,5,331;332;333;334;335,343:Mwingi North Sub County
KITUI,Mwingi West Sub County,68,Kitui,false,,,,,,,CANONICAL_NOT_FOUND,No matching record was found in subcounties.json. Matching attempt: NO_CANONICAL_SOURCE_MATCH,4,336;337;338;339,344:Mwingi West Sub County
MAKUENI,Kaiti  Sub County,74,Makueni,false,,,,,,,CANONICAL_NOT_FOUND,No matching record was found in subcounties.json. Matching attempt: NO_CANONICAL_SOURCE_MATCH,4,420;421;422;423,360:Kaiti  Sub County
MAKUENI,Kibwezi East  Sub County,74,Makueni,false,,,,,,,CANONICAL_NOT_FOUND,No matching record was found in subcounties.json. Matching attempt: NO_CANONICAL_SOURCE_MATCH,4,437;438;439;440,401:Kibwezi East  Sub County
MAKUENI,Kibwezi West  Sub County,74,Makueni,false,,,,,,,CANONICAL_NOT_FOUND,No matching record was found in subcounties.json. Matching attempt: NO_CANONICAL_SOURCE_MATCH,6,431;432;433;434;435;436,362:Kibwezi West  Sub County
MAKUENI,Kilome Sub County,74,Makueni,false,,,,,,,CANONICAL_NOT_FOUND,No matching record was found in subcounties.json. Matching attempt: NO_CANONICAL_SOURCE_MATCH,3,417;418;419,359:Kilome Sub County
MAKUENI,Mbooni  Sub County,74,Makueni,false,,,,,,,CANONICAL_NOT_FOUND,No matching record was found in subcounties.json. Matching attempt: NO_CANONICAL_SOURCE_MATCH,6,411;412;413;414;415;416,358:Mbooni  Sub County
MANDERA,BANISSA,63,Mandera,false,,,,,,,CANONICAL_NOT_FOUND,No matching record was found in subcounties.json. Matching attempt: NO_CANONICAL_SOURCE_MATCH,5,196;197;198;199;200,518:BANISSA
MANDERA,MANDERA SOUTH,63,Mandera,false,,,,,,,CANONICAL_NOT_FOUND,No matching record was found in subcounties.json. Matching attempt: NO_CANONICAL_SOURCE_MATCH,5,206;207;208;209;210,325:MANDERA SOUTH
MARSABIT,LAISAMIS,64,Marsabit,false,,,,,,,CANONICAL_NOT_FOUND,No matching record was found in subcounties.json. Matching attempt: NO_CANONICAL_SOURCE_MATCH,5,236;237;238;239;240,330:LAISAMIS
MARSABIT,SAKU,64,Marsabit,false,,,,,,,CANONICAL_NOT_FOUND,No matching record was found in subcounties.json. Matching attempt: NO_CANONICAL_SOURCE_MATCH,3,233;234;235,329:SAKU
MERU,Buuri Sub County,65,Meru,false,,,,,,,CANONICAL_NOT_FOUND,No matching record was found in subcounties.json. Matching attempt: NO_CANONICAL_SOURCE_MATCH,5,281;282;283;284;289,337:Buuri Sub County
MERU,Imenti Central Sub County,65,Meru,false,,,,,,,CANONICAL_NOT_FOUND,No matching record was found in subcounties.json. Matching attempt: NO_CANONICAL_SOURCE_MATCH,4,285;286;287;288,338:Imenti Central Sub County
Muranga,Kiharu Sub County,76,Murang'a,false,,,,,,,CANONICAL_NOT_FOUND,No matching record was found in subcounties.json. Matching attempt: NO_CANONICAL_SOURCE_MATCH,6,2099;2100;2101;2102;2103;2104,384:Kiharu Sub County
Nairobi,Dagoretti North Sub County,,,false,,,,,,,COUNTY_NOT_FOUND,"No Prisma County matched ""Nairobi"".",5,2012;2013;2014;2015;2016,
Nairobi,Dagoretti South Sub County,,,false,,,,,,,COUNTY_NOT_FOUND,"No Prisma County matched ""Nairobi"".",5,2017;2018;2019;2020;2021,
Nairobi,Embakasi Central Sub County,,,false,,,,,,,COUNTY_NOT_FOUND,"No Prisma County matched ""Nairobi"".",5,2057;2058;2059;2060;2061,
Nairobi,Embakasi East Sub County,,,false,,,,,,,COUNTY_NOT_FOUND,"No Prisma County matched ""Nairobi"".",5,2062;2063;2064;2065;2066,
Nairobi,Embakasi North Sub County,,,false,,,,,,,COUNTY_NOT_FOUND,"No Prisma County matched ""Nairobi"".",5,2052;2053;2054;2055;2056,
Nairobi,Embakasi South Sub County,,,false,,,,,,,COUNTY_NOT_FOUND,"No Prisma County matched ""Nairobi"".",5,2047;2048;2049;2050;2051,
Nairobi,Embakasi West Sub County,,,false,,,,,,,COUNTY_NOT_FOUND,"No Prisma County matched ""Nairobi"".",4,2067;2068;2069;2070,
Nairobi,Roysambu  Sub County,,,false,,,,,,,COUNTY_NOT_FOUND,"No Prisma County matched ""Nairobi"".",5,2032;2033;2034;2035;2036,
Nairobi,Ruaraka  Sub County,,,false,,,,,,,COUNTY_NOT_FOUND,"No Prisma County matched ""Nairobi"".",5,2042;2043;2044;2045;2046,
Nairobi,Starehe  Sub County,,,false,,,,,,,COUNTY_NOT_FOUND,"No Prisma County matched ""Nairobi"".",6,2080;2081;2082;2083;2084;2085,
Nairobi,Westlands  Sub County,,,false,,,,,,,COUNTY_NOT_FOUND,"No Prisma County matched ""Nairobi"".",5,2008;2009;2010;2011;2092,
NANDI,Aldai Sub County,88,Nandi,false,,,,,,,CANONICAL_NOT_FOUND,No matching record was found in subcounties.json. Matching attempt: NO_CANONICAL_SOURCE_MATCH,6,755;756;757;758;759;760,451:Aldai Sub County
NANDI,Emgwen Sub County,88,Nandi,false,,,,,,,CANONICAL_NOT_FOUND,No matching record was found in subcounties.json. Matching attempt: NO_CANONICAL_SOURCE_MATCH,4,770;771;772;773,456:Emgwen Sub County
NANDI,Mosop Sub County,88,Nandi,false,,,,,,,CANONICAL_NOT_FOUND,No matching record was found in subcounties.json. Matching attempt: NO_CANONICAL_SOURCE_MATCH,7,774;775;776;777;778;779;780,462:Mosop Sub County
Nyamira,Nyamira Sub County,94,Nyamira,false,,,,,,,CANONICAL_NOT_FOUND,No matching record was found in subcounties.json. Matching attempt: NO_CANONICAL_SOURCE_MATCH,5,1951;1952;1953;1954;1955,500:Nyamira Sub County
NYANDARUA,Ndaragwa Sub County,67,Nyandarua,false,,,,,,,CANONICAL_NOT_FOUND,No matching record was found in subcounties.json. Matching attempt: NO_CANONICAL_SOURCE_MATCH,4,462;463;464;465,395:Ndaragwa Sub County
NYANDARUA,Oljoroorok Sub County,67,Nyandarua,false,,,,,,,CANONICAL_NOT_FOUND,No matching record was found in subcounties.json. Matching attempt: NO_CANONICAL_SOURCE_MATCH,4,458;459;460;461,342:Oljoroorok Sub County
NYANDARUA,Olkalou Sub County,67,Nyandarua,false,,,,,,,CANONICAL_NOT_FOUND,No matching record was found in subcounties.json. Matching attempt: NO_CANONICAL_SOURCE_MATCH,5,453;454;455;456;457,374:Olkalou Sub County
NYERI,Mukurweini Sub County,69,Nyeri,false,,,,,,,CANONICAL_NOT_FOUND,No matching record was found in subcounties.json. Matching attempt: NO_CANONICAL_SOURCE_MATCH,4,487;488;489;490,376:Mukurweini Sub County
Siaya,Alego Usonga Sub County,83,Siaya,false,,,,,,,CANONICAL_NOT_FOUND,No matching record was found in subcounties.json. Matching attempt: NO_CANONICAL_SOURCE_MATCH,6,1860;1861;1886;1887;1888;1889,483:Alego Usonga Sub County
TAITA TAVETA,Wundanyi Sub County,59,Taita Taveta,false,,,,,,,CANONICAL_NOT_FOUND,No matching record was found in subcounties.json. Matching attempt: NO_CANONICAL_SOURCE_MATCH,4,116;117;118;119,303:Wundanyi Sub County
TANA RIVER,Bura Sub County,57,Tana River,false,,,,,,,CANONICAL_NOT_FOUND,No matching record was found in subcounties.json. Matching attempt: NO_CANONICAL_SOURCE_MATCH,5,96;97;98;99;100,299:Bura Sub County
TANA RIVER,Galole Sub County,57,Tana River,false,,,,,,,CANONICAL_NOT_FOUND,No matching record was found in subcounties.json. Matching attempt: NO_CANONICAL_SOURCE_MATCH,4,92;93;94;95,296:Galole Sub County
TANA RIVER,Garsen Sub County,57,Tana River,false,,,,,,,CANONICAL_NOT_FOUND,No matching record was found in subcounties.json. Matching attempt: NO_CANONICAL_SOURCE_MATCH,6,86;87;88;89;90;91,517:Garsen Sub County
THARAKA-NITHI,Chuka Sub County,66,Tharaka Nithi,false,,,,,,,CANONICAL_NOT_FOUND,No matching record was found in subcounties.json. Matching attempt: NO_CANONICAL_SOURCE_MATCH,3,302;303;304,548:Chuka Sub County
THARAKA-NITHI,Muthambi Sub County,66,Tharaka Nithi,false,,,,,,,CANONICAL_NOT_FOUND,No matching record was found in subcounties.json. Matching attempt: NO_CANONICAL_SOURCE_MATCH,2,296;297,340:Muthambi Sub County
THARAKA-NITHI,Mwimbi Sub County,66,Tharaka Nithi,false,,,,,,,CANONICAL_NOT_FOUND,No matching record was found in subcounties.json. Matching attempt: NO_CANONICAL_SOURCE_MATCH,3,298;299;300,341:Mwimbi Sub County
TRANS NZOIA,Cherangany Sub County,81,Trans Nzoia,false,,,,,,,CANONICAL_NOT_FOUND,No matching record was found in subcounties.json. Matching attempt: NO_CANONICAL_SOURCE_MATCH,7,694;695;696;697;698;699;700,441:Cherangany Sub County
TRANS NZOIA,Saboti  Sub County,81,Trans Nzoia,false,,,,,,,CANONICAL_NOT_FOUND,No matching record was found in subcounties.json. Matching attempt: NO_CANONICAL_SOURCE_MATCH,5,683;684;685;686;687,425:Saboti  Sub County