"county","sourceId","sourceName","targetId","targetName","wards","farmers","farms","businessPartners","destinationTransactions","sourceTransactions","classification","reason","wardIds","wardNames"
"Isiolo","255","Isiolo Sub County","","","5","0","0","0","0","0","MANUAL_REVIEW","Unresolved ward targets: 5","1024|2089|2092|2093|2094","WABERA|BULA PESA|NGARE MARA|BURAT|OLDONYIRO"
"Migori","256","Rongo Sub County","","","4","0","0","0","0","0","MANUAL_REVIEW","Unresolved ward targets: 4","1025|1026|1027|1195","North Kamagambo Ward|Central Kamagambo Ward|South Kamagambo Ward|East Kamagambo Ward"
"Migori","257","Awendo Sub County","","","4","0","0","0","0","0","MANUAL_REVIEW","Unresolved ward targets: 4","1028|1029|1030|1031","North Sakwa Ward|South Sakwa Ward|West Sakwa Ward|Central Sakwa Ward"
"Migori","258","Suna East Sub County","","","4","0","0","0","0","0","MANUAL_REVIEW","Unresolved ward targets: 4","1032|1033|1034|1035","God Jope  Ward|Suna Central Ward|Kakrao Ward|Kwa Ward"
"Migori","259","Suna West Sub County","","","4","0","0","0","0","0","MANUAL_REVIEW","Unresolved ward targets: 4","1036|1037|1038|1039","Wiga Ward|Waseweta Ii Ward|Ragana-oruba Ward|Wasimbete Ward"
"Migori","260","Uriri Sub County","","","5","0","0","0","0","0","MANUAL_REVIEW","Unresolved ward targets: 5","1040|1041|1042|1043|1044","West Kanyamkago Ward|North  Kanyamkago Ward|Central Kanyamkago Ward|South Kanyamkago Ward|East Kanyamkago Ward"
"Migori","261","Nyatike Sub County","","","7","0","0","0","0","0","MANUAL_REVIEW","Unresolved ward targets: 7","1045|1159|1160|1161|1162|1163|1164","Kachieng' Ward|Kanyasa Ward|North Kadem Ward|Macalder/kanyarwanda Ward|Kaler Ward|Got Kachola Ward|Muhuru Ward"
"Migori","262","Kuria West Sub County","","","7","0","0","0","0","0","MANUAL_REVIEW","Unresolved ward targets: 7","1046|1165|1166|1167|1185|1187|1190","Masaba Ward|Bukira East Ward|Bukira Central/ikerege Ward|Isibania Ward|Mokerero Ward|Tagare Ward|Nyamosense/komosoko Ward"
"Migori","263","Kuria East Sub County","","","5","0","0","0","0","0","MANUAL_REVIEW","Unresolved ward targets: 5","1047|1191|1192|1193|1194","Ntimaru West Ward|Gokeharaka/getambwega Ward|Ntimaru East Ward|Nyabasi East Ward|Nyabasi West Ward"
"Machakos","264","Athi River Sub County","","","4","0","0","0","0","0","MANUAL_REVIEW","Unresolved ward targets: 4","1048|1049|1219|1220","Mathatani Ward|Syokimau-mulolongo Ward|Athi River Ward|Kinanie Ward"
"Machakos","265","Machakos Sub County","","","7","0","0","0","0","0","MANUAL_REVIEW","Unresolved ward targets: 7","1050|1051|1052|1053|1054|1055|1056","Kalama Ward|Mua Ward|Mutituni Ward|Township Ward|Mumbuni North Ward|Muvuti-kiima-kimwe Ward|Kola Ward"
"Machakos","266","Mwala Sub County","","","6","0","0","0","0","0","MANUAL_REVIEW","Unresolved ward targets: 6","1057|1058|1059|1060|1061|1062","Mbiuni Ward|Makutano-mwala Ward|Masii Ward|Muthetheni Ward|Wamunyu Ward|Kibauni Ward"
"Homa Bay","267","Kasipul Sub County","","","5","0","0","0","0","0","MANUAL_REVIEW","Unresolved ward targets: 5","1063|1064|1065|1066|1067","West Kasipul Ward|South Kasipul Ward|Central Kasipul Ward|East Kamagak Ward|West Kamagak Ward"
"Homa Bay","268","Kabondo Kasipul Sub County","","","4","0","0","0","0","0","MANUAL_REVIEW","Unresolved ward targets: 4","1068|1069|1070|1071","Kabondo East Ward|Kabondo West Ward|Kokwanyo/kakelo Ward|Kojwach Ward"
"Homa Bay","269","Karachuonyo Sub County","","","7","0","0","0","0","0","MANUAL_REVIEW","Unresolved ward targets: 7","1072|1073|1074|1075|1221|1222|1223","West Karachuonyo Ward|North Karachuonyo Ward|Central Ward|Kanyaluo Ward|Kibiri Ward|Wang'chieng Ward|Kendu Bay Town Ward"
"Homa Bay","270","Rangwe Sub County","","","4","0","0","0","0","0","MANUAL_REVIEW","Unresolved ward targets: 4","1076|1077|1224|1225","Kagan Ward|Kochia Ward|West Gem Ward|East Gem Ward"
"Homa Bay","271","Homa Bay Town Sub County","","","4","0","0","0","0","0","MANUAL_REVIEW","Unresolved ward targets: 4","1078|1079|1080|1226","Homa Bay Central Ward|Homa Bay Arujo Ward|Homa Bay East Ward|Homa Bay West Ward"
"Homa Bay","272","Ndhiwa Sub County","","","7","0","0","0","0","0","MANUAL_REVIEW","Unresolved ward targets: 7","1081|1082|1083|1084|1085|1086|1228","Kwabwai Ward|Kanyadoto Ward|Kanyikela Ward|Kabouch North Ward|Kabuoch South/pala Ward|Kanyamwa Kosewe Ward|Kanyamwa Kologi Ward"
"Homa Bay","273","Mbita Sub County","","","5","0","0","0","0","0","MANUAL_REVIEW","Unresolved ward targets: 5","1087|1088|1089|1229|1230","Mfangano Island Ward|Rusinga Island Ward|Kasgunga Ward|Gembe Ward|Lambwe Ward"
"Vihiga","274","Sabatia Sub County","","","6","0","0","0","0","0","MANUAL_REVIEW","Unresolved ward targets: 6","1090|1091|1247|1248|1252|1253","Chavakali Ward|Busali Ward|Lyaduywa/izava Ward|West Sabatia Ward|North Maragoli Ward|Wodanga Ward"
"Vihiga","275","Hamisi Sub County","","","7","0","0","0","0","0","MANUAL_REVIEW","Unresolved ward targets: 7","1092|1093|1094|1095|1096|1099|1101","Shiru Ward|Gisambai Ward|Muhudu Ward|Tambua Ward|Jepkoyai Ward|Banja Ward|Shamakhokho Ward"
"Vihiga","276","Luanda Sub County","","","5","0","0","0","0","0","MANUAL_REVIEW","Unresolved ward targets: 5","1097|1254|1255|1256|1259","Luanda South Ward|Luanda Township Ward|Wemilabi Ward|Mwibona Ward|Emabungo Ward"
"Vihiga","277","Emuhaya Sub County","","","3","0","0","0","0","0","MANUAL_REVIEW","Unresolved ward targets: 3","1098|1261|1262","North East Bunyore Ward|Central Bunyore Ward|West Bunyore Ward"
"Vihiga","278","Vihiga Sub County","","","4","0","0","0","0","0","MANUAL_REVIEW","Unresolved ward targets: 4","1100|1245|1246|1272","South Maragoli Ward|Lugaga-wamuluma Ward|Central Maragoli Ward|Mungoma Ward"
"Bungoma","279","Cheptais Sub County","","","4","0","0","0","0","0","MANUAL_REVIEW","Unresolved ward targets: 4","1102|1103|1273|1274","Cheptais Ward|Kakateny Ward|Chesikaki Ward|Chepyuk Ward"
"Bungoma","280","Mt Elgon Sub County","","","2","0","0","0","0","0","MANUAL_REVIEW","Unresolved ward targets: 2","1104|1275","Kaptama Ward|Elgon Ward"
"Bungoma","281","Sirisia Sub County","","","3","0","0","0","0","0","MANUAL_REVIEW","Unresolved ward targets: 3","1105|1106|1347","Malakisi/south Kulisiru Ward|Lwandanyi Ward|Namwela Ward"
"Bungoma","282","Kabuchai Sub County","","","4","0","0","0","0","0","MANUAL_REVIEW","Unresolved ward targets: 4","1107|1108|1349|1350","West Nalondo Ward|Mukuyuni Ward|Kabuchai/chwele Ward|Bwake/luuya Ward"
"Bungoma","283","Bumula Sub County","","","7","0","0","0","0","0","MANUAL_REVIEW","Unresolved ward targets: 7","1109|1110|1111|1363|1380|1381|1385","Kabula  Ward|Kimaeti Ward|Siboti Ward|South Bukusu Ward|Bumula Ward|Khasoko Ward|West Bukusu Ward"
"Bungoma","284","Kanduyi Sub County","","","8","0","0","0","0","0","MANUAL_REVIEW","Unresolved ward targets: 8","1112|1113|1386|1387|1388|1389|1390|1391","Bukembe West Ward|Bukembe East Ward|Township Ward|Khalaba Ward|Musikoma Ward|East Sang'alo Ward|Marakaru/tuuti Ward|West Sang'alo Ward"
"Bungoma","285","Webuye West Sub County","","","4","0","0","0","0","0","MANUAL_REVIEW","Unresolved ward targets: 4","1114|1395|1396|1397","Bokoli Ward|Misikhu Ward|Sitikho Ward|Matulo Ward"
"Bungoma","286","Kimilili Sub County","","","4","0","0","0","0","0","MANUAL_REVIEW","Unresolved ward targets: 4","1115|1116|1117|1118","Kibingei Ward|Kimilili Ward|Maeni Ward|Kamukuywa Ward"
"Bungoma","287","Tongaren Sub County","","","6","0","0","0","0","0","MANUAL_REVIEW","Unresolved ward targets: 6","1119|1120|1121|1122|1123|1124","Mbakalo Ward|Naitiri/kabuyefwe Ward|Milima Ward|Ndalu/ Tabani Ward|Tongaren Ward|Soysambu/ Mitua Ward"
"Kakamega","288","Lugari Sub County","","","6","0","0","0","0","0","MANUAL_REVIEW","Unresolved ward targets: 6","1125|1126|1127|1128|1129|1130","Mautuma Ward|Lugari Ward|Lumakanda Ward|Chekalini Ward|Chevaywa Ward|Lwandeti Ward"
"Kakamega","289","Likuyani Sub County","","","5","0","0","0","0","0","MANUAL_REVIEW","Unresolved ward targets: 5","1131|1132|1133|1134|1135","Likuyani Ward|Sango Ward|Kongoni Ward|Nzoia Ward|Sinoko Ward"
"Kakamega","290","Malava Sub County","","","7","0","0","0","0","0","MANUAL_REVIEW","Unresolved ward targets: 7","1136|1137|1138|1139|1140|1141|1142","West Kabras Ward|Chemuche Ward|East Kabras Ward|Butali Chegulo Ward|Manda-shivanga Ward|Shirungu-mugai Ward|South Kabras Ward"
"Kakamega","291","Lurambi Sub County","","","6","0","0","0","0","0","MANUAL_REVIEW","Unresolved ward targets: 6","1143|1144|1145|1146|1147|1148","Butsotso East Ward|Butsotso South  Ward|Butsotso Central Ward|Sheywe Ward|Mahiakalo Ward|Shirere Ward"
"Kakamega","292","Navakholo Sub County","","","5","0","0","0","0","0","MANUAL_REVIEW","Unresolved ward targets: 5","1149|1150|1151|1152|1153","Ingoste-matiha Ward|Shinoyi-shikomari-esumeiya Ward|Bunyala West Ward|Bunyala East Ward|Bunyala Central Ward"
"Kakamega","293","Mumias West  Sub County","","","4","0","0","0","0","0","MANUAL_REVIEW","Unresolved ward targets: 4","1154|1400|1429|1430","Mumias Central Ward|Mumias North Ward|Etenje Ward|Musanda Ward"
"Mombasa","294","Changamwe Sub County","","","5","0","0","0","0","0","MANUAL_REVIEW","Unresolved ward targets: 5","1155|1168|1243|1856|1891","Kipevu Ward|Airport Ward|Changamwe Ward|Chaani Ward|Port Reitz Ward"
"Kericho","295","AINAMOI","","","7","0","0","0","0","0","MANUAL_REVIEW","Unresolved ward targets: 7","1156|1875|1876|1877|1878|1879|1880","BELGUT|Kapsoit Ward|Ainamoi Ward|Kapkugerwet Ward|Kipchebor Ward|Kipchimchim Ward|Kapsaos Ward"
"Tana River","296","Galole Sub County","","","4","0","0","0","0","0","MANUAL_REVIEW","Unresolved ward targets: 4","1157|1158|1263|1401","Chewani Ward|Kinakomba Ward|Mikinduni Ward|Wayu Ward"
"Lamu","297","LAMU EAST","","","3","0","0","0","0","0","MANUAL_REVIEW","Unresolved ward targets: 3","1169|1170|1171","FAZA|KIUNGA|BASUBA"
"Lamu","298","LAMU WEST","","","7","0","0","0","0","0","MANUAL_REVIEW","Unresolved ward targets: 7","1172|1173|1174|1177|2353|2354|2360","SHELLA|MKOMAMI|HINDI|HONGWE|MKUNUMBI|BAHARI|WITU"
"Tana River","299","Bura Sub County","","","5","0","0","0","0","0","MANUAL_REVIEW","Unresolved ward targets: 5","1175|1176|1398|1486|1490","Bangale Ward|Sala Ward|Hirimani Ward|Chewele Ward|Madogo Ward"
"Kakamega","300","Mumias East Sub County","","","3","0","0","0","0","0","MANUAL_REVIEW","Unresolved ward targets: 3","1178|1179|1180","Lusheya Lubinu Ward|Malaha Isongo Makunga Ward|East Wanga Ward"
"Kakamega","301","Matungu Sub County","","","5","0","0","0","0","0","MANUAL_REVIEW","Unresolved ward targets: 5","1181|1182|1183|1443|1444","Koyonzo Ward|Kholera Ward|Khalaba Ward|Mayoni Ward|Namamali Ward"
"Taita Taveta","302","Taveta Sub County","","","5","0","0","0","0","0","MANUAL_REVIEW","Unresolved ward targets: 5","1184|1186|1431|1432|1794","Chala Ward|Mata Ward|Bomani Ward|Mboghoni Ward|Mahoo Ward"
"Taita Taveta","303","Wundanyi Sub County","","","4","0","0","0","0","0","MANUAL_REVIEW","Unresolved ward targets: 4","1188|1189|1807|1853","Wundanyi/mbale Ward|Wumingu/kishushe Ward|Mwanda/mgange Ward|Werugha Ward"
"Machakos","304","Masinga Sub County","","","5","0","0","0","0","0","MANUAL_REVIEW","Unresolved ward targets: 5","1196|1197|1198|1199|1200","Kivaa Ward|Masinga Central Ward|Ekalakala Ward|Muthesya Ward|Mananja Ward"
"Machakos","305","Yatta Sub County","","","5","0","0","0","0","0","MANUAL_REVIEW","Unresolved ward targets: 5","1201|1202|1203|1204|1205","Ndalani Ward|Matuu Ward|Kithimani Ward|Ikombe Ward|Katangi Ward"
"Machakos","306","Kangundo Sub County","","","4","0","0","0","0","0","MANUAL_REVIEW","Unresolved ward targets: 4","1206|1207|1208|1209","Kangundo North Ward|Kangundo Central Ward|Kangundo East Ward|Kangundo West Ward"
"Machakos","307","Matungulu Sub County","","","5","0","0","0","0","0","MANUAL_REVIEW","Unresolved ward targets: 5","1210|1211|1212|1213|1214","Tala Ward|Matungulu North Ward|Matungulu East Ward|Matungulu West Ward|Kyeleni Ward"
"Machakos","308","Kathiani Sub County","","","4","0","0","0","0","0","MANUAL_REVIEW","Unresolved ward targets: 4","1215|1216|1217|1218","Mitamboni Ward|Kathiani Central Ward|Upper Kaewa-iveti Ward|Lower Kaewa-kaani Ward"
"Garissa","309","Garissa Sub County","","","5","0","0","0","0","0","MANUAL_REVIEW","Unresolved ward targets: 5","1227|1234|1239|2252|2365","Township Ward|Waberi Ward|Sankuri Ward|Iftin Ward|Galbet Ward"
"Homa Bay","310","Suba Sub County","","","4","0","0","0","0","0","MANUAL_REVIEW","Unresolved ward targets: 4","1231|1232|1233|1244","Gwassi South Ward|Gwassi North Ward|Kaksingiri West Ward|Ruma-kaksingiri East Ward"
"Garissa","311","Balambala Sub County","","","4","0","0","0","0","0","MANUAL_REVIEW","Unresolved ward targets: 4","1235|1236|1237|1238","Balambala Ward|Danyere Ward|Jarajara Ward|Saka Ward"
"Garissa","312","Lagdera Sub County","","","6","0","0","0","0","0","MANUAL_REVIEW","Unresolved ward targets: 6","1240|1241|1242|2060|2061|2062","Modogashe Ward|Benane Ward|Goreale Ward|Maalimin Ward|Sabena Ward|Baraki Ward"
"Garissa","313","Fafi Sub County","","","5","0","0","0","0","0","MANUAL_REVIEW","Unresolved ward targets: 5","1249|1434|1435|2282|2303","Nanighi Ward|Jarajila Ward|Fafi Ward|Bura Ward|Dekaharia Ward"
"Garissa","314","Hulugho Sub County","","","2","0","0","0","0","0","MANUAL_REVIEW","Unresolved ward targets: 2","1250|1251","Hulugho Ward|Sangailu Ward"
"Wajir","315","Wajir North Sub County","","","7","0","0","0","0","0","MANUAL_REVIEW","Unresolved ward targets: 7","1257|1258|1260|1383|1436|1586|1667","Malkagufu Ward|Batalu Ward|Godoma Ward|Bute Ward|Korondile Ward|Gurar Ward|Danaba Ward"
"Wajir","316","Wajir East Sub County","","","4","0","0","0","0","0","MANUAL_REVIEW","Unresolved ward targets: 4","1264|2274|2366|2367","Khorof/Harar Ward|Wagberi Ward|Township Ward|Barwaqo Ward"
"Wajir","317","Tarbaj Sub County","","","4","0","0","0","0","0","MANUAL_REVIEW","Unresolved ward targets: 4","1265|1266|1267|1268","Elben Ward|Sarman Ward|Tarbaj Ward|Wargadud Ward"
"Taita Taveta","318","Mwatate Sub County","","","5","0","0","0","0","0","MANUAL_REVIEW","Unresolved ward targets: 5","1269|1808|1811|1812|2140","Bura Ward|Ronge Ward|Mwatate Ward|Wusi/kishamba Ward|Chawia Ward"
"Wajir","319","Wajir West Sub County","","","4","0","0","0","0","0","MANUAL_REVIEW","Unresolved ward targets: 4","1270|2368|2369|2370","Hadado Athibohol Ward|Arbajahan Ward|ADEMASAJIDE Ward|Ganyure Wagalla Ward"
"Mombasa","320","Jomvu  Sub County","","","3","0","0","0","0","0","MANUAL_REVIEW","Unresolved ward targets: 3","1271|1378|2134","Jomvu Kuu Ward|Miritini Ward|Mikindani Ward"
"Kakamega","321","Khwisero Sub County","","","4","0","0","0","0","0","MANUAL_REVIEW","Unresolved ward targets: 4","1276|1450|1451|1452","Kisa North Ward|Kisa East Ward|Kisa West Ward|Kisa Central Ward"
"Busia","322","Nambale Sub County","","","4","0","0","0","0","0","MANUAL_REVIEW","Unresolved ward targets: 4","1277|1278|1279|1280","Nambale Township Ward|Bukhayo North Walatsi Ward|Bukhayo East Ward|Bukhayo Central Ward"
"Busia","323","Matayos Sub County","","","5","0","0","0","0","0","MANUAL_REVIEW","Unresolved ward targets: 5","1281|1295|1296|1297|1491","Bukhayo West Ward|Matayos South Ward|Busibwabo Ward|Burumba Ward|Mayenje Ward"
"Mandera","324","MANDERA NORTH","","","5","0","0","0","0","0","MANUAL_REVIEW","Unresolved ward targets: 5","1282|1283|2099|2100|2472","RHAMU|RHAMU DIMTU|ASHABITO|GUTICHA|MAROTHILE"
"Mandera","325","MANDERA SOUTH","","","5","0","0","0","0","0","MANUAL_REVIEW","Unresolved ward targets: 5","1284|1285|1286|1484|2358","KOTULO|ELWAK SOUTH|SHAMBIR FATUMA|WARGADUD|ELWAK NORTH"
"Mandera","326","MANDERA EAST","","","5","0","0","0","0","0","MANUAL_REVIEW","Unresolved ward targets: 5","1287|2101|2102|2103|2104","ARABIA|BULLA MPYA|KHALALIO|NEBOI|TOWNSHIP"
"Marsabit","327","MOYALE","","","7","0","0","0","0","0","MANUAL_REVIEW","Unresolved ward targets: 7","1288|1289|1290|1291|1479|1480|1481","BUTIYE|SOLOLO|HEILLU/MANYATTA|GOLBO|MOYALE TOWNSHIP|URAN|OBBU"
"Marsabit","328","NORTH HORR","","","5","0","0","0","0","0","MANUAL_REVIEW","Unresolved ward targets: 5","1292|1293|1482|1483|2359","NORTH HORR|ILLERET|DUKANA|MAIKONA|TURBI"
"Marsabit","329","SAKU","","","3","0","0","0","0","0","MANUAL_REVIEW","Unresolved ward targets: 3","1294|1487|1488","SAGANTE/JALDESA|KARARE|MARSABIT CENTRAL"
"Marsabit","330","LAISAMIS","","","5","0","0","0","0","0","MANUAL_REVIEW","Unresolved ward targets: 5","1298|1489|2361|2362|2364","LAISAMIS|LOIYANGALANI|KARGI/SOUTH HORR|KORR/NGURUNIT|LOGOLOGO"
"Meru","331","Igembe South Sub County","","","5","0","0","0","0","0","MANUAL_REVIEW","Unresolved ward targets: 5","1299|1300|1301|1302|1303","Maua Ward|Kiegoi/antubochiu Ward|Athiru gaiti Ward|Akachiu Ward|Kanuni Ward"
"Meru","332","Igembe Central Sub County","","","5","0","0","0","0","0","MANUAL_REVIEW","Unresolved ward targets: 5","1304|1305|1306|1307|1308","Akirang'ondu Ward|Athiru ruujine Ward|Kiengu/Igembe East ward|Njia Ward|Kangeta Ward"
"Meru","333","Igembe North Sub County","","","5","0","0","0","0","0","MANUAL_REVIEW","Unresolved ward targets: 5","1309|1310|1311|1312|1313","Antuambui Ward|Ntunene Ward|Antubetwe kiongo Ward|Naathu Ward|Amwathi Ward"
"Meru","334","Tigania West Sub County","","","5","0","0","0","0","0","MANUAL_REVIEW","Unresolved ward targets: 5","1314|1315|1316|1317|1318","Athwana Ward|Akithii Ward|Kianjai Ward|Nkomo Ward|Mbeu Ward"
"Meru","335","Tigania East Sub County","","","5","0","0","0","0","0","MANUAL_REVIEW","Unresolved ward targets: 5","1319|1320|1321|1322|1323","Thangatha Ward|Mikinduri Ward|Kiguchwa Ward|Muthara Ward|Karama Ward"
"Meru","336","Imenti North Sub County","","","5","0","0","0","0","0","MANUAL_REVIEW","Unresolved ward targets: 5","1324|1325|1326|1327|1328","Municipality Ward|Ntima east Ward|Ntima west Ward|Nyaki west Ward|Nyaki east Ward"
"Meru","337","Buuri Sub County","","","5","0","0","0","0","0","MANUAL_REVIEW","Unresolved ward targets: 5","1329|1330|1331|1332|1337","Timau Ward|Kisima Ward|Kiirua Naari Ward|Ruiru Rwawera Ward|Kibirichia Ward"
"Meru","338","Imenti Central Sub County","","","4","0","0","0","0","0","MANUAL_REVIEW","Unresolved ward targets: 4","1333|1334|1335|1336","Mwangathia Ward|Abothuguchi central Ward|Abothuguchi west Ward|Kiagu Ward"
"Meru","339","Imenti South Sub County","","","6","0","0","0","0","0","MANUAL_REVIEW","Unresolved ward targets: 6","1338|1339|1340|1341|1342|1343","Mitunguu Ward|Igoji east Ward|Igoji west Ward|Abogeta east Ward|Abogeta west Ward|Nkuene Ward"
"Tharaka Nithi","340","Muthambi Sub County","","","2","0","0","0","0","0","MANUAL_REVIEW","Unresolved ward targets: 2","1344|1345","Mitheru Ward|Muthambi Ward"
"Tharaka Nithi","341","Mwimbi Sub County","","","3","0","0","0","0","0","MANUAL_REVIEW","Unresolved ward targets: 3","1346|2372|2373","Mwimbi Ward|Ganga Ward|Chogoria Ward"
"Nyandarua","342","Oljoroorok Sub County","","","4","0","0","0","0","0","MANUAL_REVIEW","Unresolved ward targets: 4","1348|2400|2401|2402","Charagita Ward|Gathanji Ward|Gatimu Ward|Weru Ward"
"Kitui","343","Mwingi North Sub County","","","5","0","0","0","0","0","MANUAL_REVIEW","Unresolved ward targets: 5","1351|1352|1353|2321|2322","Mumoni Ward|Tseikuru Ward|Tharaka Ward|Ngomeni Ward|Kyuso Ward"
"Kitui","344","Mwingi West Sub County","","","4","0","0","0","0","0","MANUAL_REVIEW","Unresolved ward targets: 4","1354|1355|1356|1357","Kyome/thaana Ward|Nguutani Ward|Migwani Ward|Kiomo/kyethani Ward"
"Kitui","345","Mwingi Central Sub- County","","","6","0","0","0","0","0","MANUAL_REVIEW","Unresolved ward targets: 6","1358|1359|1360|1361|1362|1587","Central Ward|Kivou Ward|Nguni Ward|Nuu Ward|Mui Ward|Waita Ward"
"Nyeri","346","Nyeri South Sub County","","","4","0","0","0","0","0","MANUAL_REVIEW","Unresolved ward targets: 4","1364|1365|1493|1593","Iria-ini Ward|Chinga Ward|Karima Ward|Mahiga Ward"
"Turkana","347","Turkana West Sub County","","","8","0","0","0","0","0","MANUAL_REVIEW","Unresolved ward targets: 8","1366|1567|1568|1569|1654|2419|2420|2421","Nakalale Ward|Lopur Ward|Letea Ward|Songot Ward|Lokichoggio Ward|Kakuma Ward|Kalobeyei Ward|Nanaam Ward"
"Kitui","348","Kitui Rural Sub County","","","4","0","0","0","0","0","MANUAL_REVIEW","Unresolved ward targets: 4","1367|1368|1475|2386","Kwavonza/yatta Ward|Kanyangi Ward|Mbitini Ward|Kisasi Ward"
"Kitui","349","Kitui Central  Sub County","","","5","0","0","0","0","0","MANUAL_REVIEW","Unresolved ward targets: 5","1369|1370|1371|2387|2388","Miambani Ward|Township Ward|Kyangwithya west Ward|Mulango Ward|Kyangwithya east Ward"
"West Pokot","350","West Pokot Sub County","","","6","0","0","0","0","0","MANUAL_REVIEW","Unresolved ward targets: 6","1372|1660|1661|1662|1663|1664","Riwo Ward|Kapenguria Ward|Mnagei Ward|Siyoi Ward|Endugh Ward|Sook Ward"
"West Pokot","351","Pokot North Sub County","","","6","0","0","0","0","0","MANUAL_REVIEW","Unresolved ward targets: 6","1373|1374|1375|1376|1377|2429","Suam Ward|Kodich Ward|Kasei Ward|Kapchok Ward|Kiwawa Ward|Alale Ward"
"Kericho","352","Belgut Sub County","","","4","0","0","0","0","0","MANUAL_REVIEW","Unresolved ward targets: 4","1379|1887|1888|2471","Chaik Ward|Waldai Ward|Kabianga Ward|Cheptororiet/seretut Ward"
"Samburu","353","Samburu Central Sub County","","","7","0","0","0","0","0","MANUAL_REVIEW","Unresolved ward targets: 7","1382|1685|1686|1691|1692|1826|2434","Maralal Ward|Loosuk Ward|Porro Ward|Angata nayokie Ward|Baawa Ward|Suguta Marmar Ward|Lodokejek Ward"
"Kitui","354","Kitui East Sub County","","","6","0","0","0","0","0","MANUAL_REVIEW","Unresolved ward targets: 6","1384|1478|1594|1595|1596|2389","Nzambani Ward|Zombe/mwitika Ward|Voo/kyamatu Ward|Endau/malalani Ward|Mutitu/kaliku Ward|Chuluni Ward"
"Bungoma","355","Webuye  East Sub County","","","3","0","0","0","0","0","MANUAL_REVIEW","Unresolved ward targets: 3","1392|1393|1394","Mihuu Ward|Ndivisi Ward|Maraka Ward"
"Kilifi","356","Kilifi North Sub County","","","7","0","0","0","0","0","MANUAL_REVIEW","Unresolved ward targets: 7","1399|1908|1909|1910|1972|1973|2139","Mnarani Ward|Sokoni Ward|Dabaso Ward|Watamu Ward|Kibarani Ward|Matsangoni Ward|Tezo Ward"
"Kitui","357","Kitui South Sub County","","","6","0","0","0","0","0","MANUAL_REVIEW","Unresolved ward targets: 6","1402|1403|1597|2390|2391|2392","Ikutha Ward|Athi Ward|Ikanga/kyatune Ward|Mutomo Ward|Mutha Ward|Kanziko Ward"
"Makueni","358","Mbooni  Sub County","","","6","0","0","0","0","0","MANUAL_REVIEW","Unresolved ward targets: 6","1404|1405|1406|1407|1408|1409","Tulimani Ward|Mbooni Ward|Kithungo/Kitundu Ward|Kiteta-Kisau Ward|Waia/Kako Ward|Kalawa/ Kathulumbi Ward"
"Makueni","359","Kilome Sub County","","","3","0","0","0","0","0","MANUAL_REVIEW","Unresolved ward targets: 3","1410|1411|1412","Kasikeu Ward|Mukaa Ward|Kiima Kiu/Kalanzoni Ward"
"Makueni","360","Kaiti  Sub County","","","4","0","0","0","0","0","MANUAL_REVIEW","Unresolved ward targets: 4","1413|1414|1415|1416","Ukia ward|Kee ward|Kilungu ward|Ilima ward"
"Makueni","361","Makueni  Sub County","","","7","0","0","0","0","0","MANUAL_REVIEW","Unresolved ward targets: 7","1417|1418|1419|1420|1421|1422|1423","Wote Ward|Muvau/Kikumini Ward|Mavindini Ward|Kitise/Kithuki Ward|Kathonzweni Ward|Nzaui/Kilili/Kalamba Ward|Mbitini Ward"
"Makueni","362","Kibwezi West  Sub County","","","6","0","0","0","0","0","MANUAL_REVIEW","Unresolved ward targets: 6","1424|1425|1426|1427|1428|1598","Makindu Ward|Nguumo Ward|Kikumbulyu North Ward|Kikumbulyu South Ward|Nguu/Masumba Ward|Emali/Mulala Ward"
"Taita Taveta","363","Voi Sub County","","","6","0","0","0","0","0","MANUAL_REVIEW","Unresolved ward targets: 6","1433|1906|1939|2049|2054|2171","Kasigau Ward|Mbololo Ward|Sagala Ward|Marungu Ward|Ngolia Ward|Kaloleni  Ward"
"Wajir","364","Eldas Sub County","","","4","0","0","0","0","0","MANUAL_REVIEW","Unresolved ward targets: 4","1437|2277|2288|2371","Elnur/tula tula Ward|Eldas Ward|Della Ward|Lakoley south/basir Ward"
"Mandera","365","MANDERA WEST","","","5","0","0","0","0","0","MANUAL_REVIEW","Unresolved ward targets: 5","1438|1439|2098|2355|2356","TAKABA SOUTH|TAKABA|LAGHSURE|DANDU|GITHER"
"Wajir","366","Wajir South Sub County","","","7","0","0","0","0","0","MANUAL_REVIEW","Unresolved ward targets: 7","1440|1441|1731|2289|2290|2291|2304","Benane Ward|Burder Ward|Ibrahim ure Ward|Dadaja bulla Ward|Habasswein Ward|Lagboghoi south Ward|Diif Ward"
"Kilifi","367","Kilifi South Sub County","","","5","0","0","0","0","0","MANUAL_REVIEW","Unresolved ward targets: 5","1442|1911|1912|1913|2141","Junju Ward|Mwarakaya Ward|Chasimba Ward|Mtepeni Ward|Shimo La Tewa Ward"
"Kakamega","368","Butere Sub County","","","5","0","0","0","0","0","MANUAL_REVIEW","Unresolved ward targets: 5","1445|1446|1447|1448|1449","Marama West Ward|Marama Central Ward|Marenyo-shianda Ward|Marama North Ward|Marama South Ward"
"Kakamega","369","Shinyalu Sub County","","","6","0","0","0","0","0","MANUAL_REVIEW","Unresolved ward targets: 6","1453|1454|1455|1456|1457|1458","Isukha North Ward|Murhanda Ward|Isukha Central Ward|Isukha South Ward|Isukha East Ward|Isukha West Ward"
"Kakamega","370","Ikolomani Sub County","","","4","0","0","0","0","0","MANUAL_REVIEW","Unresolved ward targets: 4","1459|1460|1461|1462","Idakho South Ward|Idakho East Ward|Idakho North Ward|Idakho Central Ward"
"Busia","371","Teso North Sub County","","","6","0","0","0","0","0","MANUAL_REVIEW","Unresolved ward targets: 6","1463|1464|1465|1466|1467|1468","Malaba Central Ward|Malaba North Ward|Ang'urai South Ward|Ang'urai North Ward|Ang'urai East Ward|Malaba South Ward"
"Busia","372","Teso South Sub County","","","6","0","0","0","0","0","MANUAL_REVIEW","Unresolved ward targets: 6","1469|1470|1471|1472|1473|1477","Ang'orom Ward|Chakol South Ward|Chakol North Ward|Amukura West Ward|Amukura East Ward|Amukura Central Ward"
"Nyandarua","373","Kipipiri Sub County","","","4","0","0","0","0","0","MANUAL_REVIEW","Unresolved ward targets: 4","1474|1607|1608|2396","Githioro Ward|Wanjohi Ward|Kipipiri Ward|Geta Ward"
"Nyandarua","374","Olkalou Sub County","","","5","0","0","0","0","0","MANUAL_REVIEW","Unresolved ward targets: 5","1476|1485|2397|2398|2399","Kanjuiri range Ward|Rurii Ward|Karau Ward|Mirangine Ward|Kaimbaga Ward"
"Busia","375","Butula Sub County","","","6","0","0","0","0","0","MANUAL_REVIEW","Unresolved ward targets: 6","1492|1519|1520|1521|1565|1617","Marachi West Ward|Marachi East Ward|Marachi North Ward|Elugulu Ward|Kingandole Ward|Marachi Central Ward"
"Nyeri","376","Mukurweini Sub County","","","4","0","0","0","0","0","MANUAL_REVIEW","Unresolved ward targets: 4","1494|1495|1496|1497","Gikondi Ward|Rugi Ward|Mukurwe-ini west Ward|Mukurwe-ini central Ward"
"Nyeri","377","Nyeri Central Sub County","","","5","0","0","0","0","0","MANUAL_REVIEW","Unresolved ward targets: 5","1498|1499|1500|1501|1502","Kiganjo/mathari Ward|Rware Ward|Gatitu/muruguru Ward|RURING'U / Karia Ward|Kamakwa/mukaro Ward"
"Kirinyaga","378","Kirinyaga North/Mwea West Sub County","","","4","0","0","0","0","0","MANUAL_REVIEW","Unresolved ward targets: 4","1503|1504|1505|1506","Mutithi Ward|Kangai Ward|Thiba Ward|Wamumu Ward"
"Kirinyaga","379","Kirinyaga South Sub County","","","4","0","0","0","0","0","MANUAL_REVIEW","Unresolved ward targets: 4","1507|1508|1509|1510","Nyangati Ward|Murinduko Ward|Gathigiriri Ward|Tebere Ward"
"Kirinyaga","380","Kirinyaga East Sub County","","","5","0","0","0","0","0","MANUAL_REVIEW","Unresolved ward targets: 5","1511|1512|1513|1514|1515","Kabare Ward|Baragwi Ward|Njukiine Ward|Ngariama Ward|Karumandi Ward"
"Kirinyaga","381","Kirinyaga West Sub County","","","3","0","0","0","0","0","MANUAL_REVIEW","Unresolved ward targets: 3","1516|1517|1518","Mukure Ward|Kiine Ward|Kariti Ward"
"Busia","382","Samia Sub County","","","4","0","0","0","0","0","MANUAL_REVIEW","Unresolved ward targets: 4","1522|1523|1524|1525","Namboboto Nambuku Ward|Nangina Ward|Ageng'a Nanguba Ward|Bwiri Ward"
"Murang'a","383","Mathioya Sub County","","","3","0","0","0","0","0","MANUAL_REVIEW","Unresolved ward targets: 3","1526|1527|2273","Kiru Ward|Kamacharia Ward|Gitugi Ward"
"Murang'a","384","Kiharu Sub County","","","6","0","0","0","0","0","MANUAL_REVIEW","Unresolved ward targets: 6","1528|1529|1530|1531|1532|1537","Wangu Ward|Mugoiri Ward|Mbiri Ward|Township Ward|Murarandia Ward|Gaturi Ward"
"Nakuru","385","Molo  Sub County","","","4","0","0","0","0","0","MANUAL_REVIEW","Unresolved ward targets: 4","1533|1633|1634|1635","Elburgon Ward|Mariashoni Ward|Turi Ward|Molo Ward"
"Nakuru","386","Njoro  Sub County","","","6","0","0","0","0","0","MANUAL_REVIEW","Unresolved ward targets: 6","1534|1636|1637|1638|1639|1640","Njoro Ward|Mau Narok Ward|Mauche Ward|Kihingo Ward|Nessuit Ward|Lare Ward"
"Nakuru","387","Naivasha  Sub County","","","8","0","0","0","0","0","MANUAL_REVIEW","Unresolved ward targets: 8","1535|1536|1642|1643|1644|1645|1646|1647","Biashara Ward|Hells Gate Ward|Lake View Ward|Mai Mahiu Ward|Maeilla Ward|Olkaria Ward|Naivasha East Ward|Viwandani Ward"
"Murang'a","388","Kigumo Sub County","","","5","0","0","0","0","0","MANUAL_REVIEW","Unresolved ward targets: 5","1538|1547|1548|1549|1550","Kahumbu Ward|Muthithi Ward|Kigumo Ward|Kangari Ward|Kinyona Ward"
"Nakuru","389","Kuresoi South  Sub County","","","4","0","0","0","0","0","MANUAL_REVIEW","Unresolved ward targets: 4","1539|1540|1541|1542","Amalo Ward|Keringet Ward|Kiptagich Ward|Tinet Ward"
"Turkana","390","Turkana North Sub County","","","3","0","0","0","0","0","MANUAL_REVIEW","Unresolved ward targets: 3","1543|1544|1545","Kaeris Ward|Lakezone Ward|Lapur Ward"
"Turkana","391","Kibish Sub County","","","2","0","0","0","0","0","MANUAL_REVIEW","Unresolved ward targets: 2","1546|1653","Kaaleng/kaikor Ward|Kibish Ward"
"Murang'a","392","Muranga South Sub County","","","6","0","0","0","0","0","MANUAL_REVIEW","Unresolved ward targets: 6","1551|1552|1553|1554|1555|1556","Kimorori/wempa Ward|Makuyu Ward|Kambiti Ward|Kamahuhu Ward|Ichagaki Ward|Nginda Ward"
"Murang'a","393","Kandara Sub County","","","6","0","0","0","0","0","MANUAL_REVIEW","Unresolved ward targets: 6","1557|1558|1559|1560|1561|1562","Ng'araria Ward|Muruka Ward|Kagundu-ini Ward|Gaichanjiru Ward|Ithiru Ward|Ruchu Ward"
"Murang'a","394","Gatanga Sub County","","","6","0","0","0","0","0","MANUAL_REVIEW","Unresolved ward targets: 6","1563|1564|1570|1571|1572|1573","Ithanga Ward|Kakuzi/mitubiri Ward|Mugumo-ini Ward|Kihumbu-ini Ward|Gatanga Ward|Kariara Ward"
"Nyandarua","395","Ndaragwa Sub County","","","4","0","0","0","0","0","MANUAL_REVIEW","Unresolved ward targets: 4","1566|2403|2404|2405","Leshau/pondo Ward|Kiritta Ward|Central Ward|Shamata Ward"
"Uasin Gishu","396","Soy Sub County","","","7","0","0","0","0","0","MANUAL_REVIEW","Unresolved ward targets: 7","1574|1576|1577|1578|1579|2068|2069","Moi's Bridge Ward|Kapkures Ward|Ziwa Ward|Soy Ward|Kuinet/kapsuswa Ward|Segeroi/barsombe Ward|Kipsomba Ward"
"Garissa","397","Ijara Sub County","","","2","0","0","0","0","0","MANUAL_REVIEW","Unresolved ward targets: 2","1575|2347","Masalani Ward|Ijara Ward"
"Uasin Gishu","398","Turbo Sub County","","","6","0","0","0","0","0","MANUAL_REVIEW","Unresolved ward targets: 6","1580|1581|1582|1583|1584|1585","Ngenyilel Ward|Tapsagoi Ward|Kamagut Ward|Kiplombe Ward|Kapsaos Ward|Huruma Ward"
"Kitui","399","Kitui West  Sub County","","","4","0","0","0","0","0","MANUAL_REVIEW","Unresolved ward targets: 4","1588|1589|1590|1591","Mutongoni Ward|Kauwi Ward|Matinyani Ward|Kwamutonga/kithumula Ward"
"Nyeri","400","Mathira East Sub County","","","4","0","0","0","0","0","MANUAL_REVIEW","Unresolved ward targets: 4","1592|1819|1820|2418","Karatina town Ward|Iriaini Ward|Konyu Ward|Magutu Ward"
"Makueni","401","Kibwezi East  Sub County","","","4","0","0","0","0","0","MANUAL_REVIEW","Unresolved ward targets: 4","1599|1600|1601|1602","Masongaleni Ward|Mtito Andei Ward|Thange Ward|Ivingoni/Nzambani Ward"
"Nyandarua","402","Kinangop Sub County","","","8","0","0","0","0","0","MANUAL_REVIEW","Unresolved ward targets: 8","1603|1604|1605|1606|2110|2393|2394|2395","Engineer Ward|Gathara Ward|North kinangop Ward|Murungaru Ward|Njabani/kiburu Ward|Nyakio Ward|Githabai Ward|Magumu Ward"
"Kirinyaga","403","Kirinyaga Central Sub County","","","4","0","0","0","0","0","MANUAL_REVIEW","Unresolved ward targets: 4","1609|1610|1611|1612","Mutira Ward|Kanyekini Ward|Kerugoya Ward|Inoi Ward"
"Turkana","404","Turkana Central Sub County","","","5","0","0","0","0","0","MANUAL_REVIEW","Unresolved ward targets: 5","1613|1614|1615|2422|2423","Kerio Delta Ward|KANG'ATOTHA Ward|Kalokol Ward|Lodwar Township Ward|Kanamkemer Ward"
"Nairobi City","405","Ruaraka  Sub County","","","5","0","0","0","0","0","MANUAL_REVIEW","Unresolved ward targets: 5","1616|1970|1971|2224|2225","Mathare North Ward|Lucky Summer Ward|Korogocho Ward|Babandogo|Utalii Ward"
"Busia","406","Bunyala Sub County","","","4","0","0","0","0","0","MANUAL_REVIEW","Unresolved ward targets: 4","1618|1630|1631|1632","Bunyala Central Ward|Bunyala North Ward|Bunyala West Ward|Bunyala South Ward"
"Nairobi City","407","Embakasi South Sub County","","","5","0","0","0","0","0","MANUAL_REVIEW","Unresolved ward targets: 5","1619|1974|2226|2228|2230","Imara Daima Ward|Pipeline Ward|Kwa Njenga Ward|Kwa Reuben Ward|Kware Ward"
"Uasin Gishu","408","Moiben Sub County","","","5","0","0","0","0","0","MANUAL_REVIEW","Unresolved ward targets: 5","1620|1621|1622|1623|1624","Tembelio Ward|Sergoit Ward|Karuna/meibeki Ward|Moiben Ward|Kimumu Ward"
"Uasin Gishu","409","Ainabkoi Sub County","","","3","0","0","0","0","0","MANUAL_REVIEW","Unresolved ward targets: 3","1625|1626|1627","Kapsoya Ward|Kaptagat Ward|Ainabkoi/olare Ward"
"Uasin Gishu","410","Kapseret Sub County","","","5","0","0","0","0","0","MANUAL_REVIEW","Unresolved ward targets: 5","1628|1629|2070|2275|2276","Simat/ Kapseret Ward|Kipkenyo Ward|Megun Ward|Ngeria Ward|Langas Ward"
"Narok","411","Transmara West Sub County","","","6","0","0","0","0","0","MANUAL_REVIEW","Unresolved ward targets: 6","1641|2071|2072|2073|2074|2075","Kilgoris Central  Ward|Keyian Ward|Angata Barikoi Ward|Shankoe Ward|Kimintet Ward|Lolgorian Ward"
"Nakuru","412","Gilgil Sub County","","","5","0","0","0","0","0","MANUAL_REVIEW","Unresolved ward targets: 5","1648|1649|1650|1651|1652","Gilgil Ward|Elementaita Ward|Mbaruk/eburu Ward|Malewa West Ward|Murindat Ward"
"Turkana","413","Loima Sub County","","","4","0","0","0","0","0","MANUAL_REVIEW","Unresolved ward targets: 4","1655|1656|2424|2425","Turkwel Ward|Lokiriama/Lorengippi Ward|Kotaruk/Lobei Ward|Loima Ward"
"Turkana","414","Turkana South Sub County","","","5","0","0","0","0","0","MANUAL_REVIEW","Unresolved ward targets: 5","1657|1658|1659|2111|2426","Kaputir Ward|Lobokat Ward|Kalapata Ward|Lokichar Ward|Katilu Ward"
"West Pokot","415","Pokot Central Sub County","","","4","0","0","0","0","0","MANUAL_REVIEW","Unresolved ward targets: 4","1665|1666|1668|1669","Sekerr Ward|Masool Ward|Lomut Ward|Wei wei Ward"
"Narok","416","Narok North Sub County","","","6","0","0","0","0","0","MANUAL_REVIEW","Unresolved ward targets: 6","1670|1671|2284|2285|2286|2287","Olorropil Ward|Melili Ward|Olposimoru Ward|Olokurto Ward|Narok Town Ward|Nkareta Ward"
"Narok","417","Narok East Sub County","","","4","0","0","0","0","0","MANUAL_REVIEW","Unresolved ward targets: 4","1672|1673|1674|1675","Mosiro Ward|Ildamat Ward|Keekonyokie Ward|Suswa Ward"
"Narok","418","Narok South Sub County","","","6","0","0","0","0","0","MANUAL_REVIEW","Unresolved ward targets: 6","1676|1677|1678|1679|1680|1681","Maji Moto/naroosura Ward|Ololulung'a Ward|Melelo Ward|Loita Ward|Sogoo Ward|Sagamian Ward"
"Narok","419","Narok West Sub County","","","4","0","0","0","0","0","MANUAL_REVIEW","Unresolved ward targets: 4","1682|1683|1684|1706","Ilmotiook Ward|Mara Ward|Siana Ward|Naikarra Ward"
"Samburu","420","Samburu North Sub County","","","4","0","0","0","0","0","MANUAL_REVIEW","Unresolved ward targets: 4","1687|1688|1689|1690","El-barta Ward|Nachola Ward|Ndoto Ward|Nyiro Ward"
"Samburu","421","Samburu East Sub County","","","4","0","0","0","0","0","MANUAL_REVIEW","Unresolved ward targets: 4","1693|1694|1695|1696","Waso Ward|Wamba west Ward|Wamba east Ward|Wamba north Ward"
"Trans Nzoia","422","Kwanza  Sub County","","","4","0","0","0","0","0","MANUAL_REVIEW","Unresolved ward targets: 4","1697|1698|2187|2435","Kapomboi Ward|Kwanza Ward|Keiyo Ward|Bidii Ward"
"Kilifi","423","Rabai Sub County","","","4","0","0","0","0","0","MANUAL_REVIEW","Unresolved ward targets: 4","1699|1755|1918|2142","Mwawesa Ward|Rurumaward|Kambe/ribe Ward|Rabai/kisurutini Ward"
"Trans Nzoia","424","Endebess Sub County","","","3","0","0","0","0","0","MANUAL_REVIEW","Unresolved ward targets: 3","1700|1701|1702","Chepchoina Ward|Endebess Ward|Matumbei Ward"
"Trans Nzoia","425","Saboti  Sub County","","","5","0","0","0","0","0","MANUAL_REVIEW","Unresolved ward targets: 5","1703|1704|2436|2437|2438","Kinyoro Ward|Matisi Ward|Tuwani Ward|Saboti Ward|Machewa Ward"
"Mombasa","426","Kisauni  Sub County","","","7","0","0","0","0","0","MANUAL_REVIEW","Unresolved ward targets: 7","1705|1761|1897|1898|1899|1900|1902","Mjambere Ward|Magogoni Ward|Junda Ward|Bamburi Ward|Mwakirunge Ward|Mtopanga Ward|Shanzu Ward"
"Kiambu","427","Githunguri Sub County","","","5","0","0","0","0","0","MANUAL_REVIEW","Unresolved ward targets: 5","1707|1708|1709|1710|2325","Githiga Ward|Ikinu Ward|Ngewa Ward|Komothai Ward|Githunguri Ward"
"Kiambu","428","Kiambu Town Sub County","","","4","0","0","0","0","0","MANUAL_REVIEW","Unresolved ward targets: 4","1711|1712|1713|1714","Ting'ang'a Ward|Ndumberi Ward|Riabai Ward|Kiambu Township Ward"
"Kiambu","429","Kiambaa Sub County","","","5","0","0","0","0","0","MANUAL_REVIEW","Unresolved ward targets: 5","1715|1716|1717|1718|1719","Cianda Ward|Karuri Ward|Ndenderu Ward|Muchatha Ward|Kihara Ward"
"Nakuru","430","Kuresoi North  Sub County","","","4","0","0","0","0","0","MANUAL_REVIEW","Unresolved ward targets: 4","1720|1721|1722|1775","Kiptororo Ward|Nyota Ward|Sirikwa Ward|Kamara Ward"
"Kiambu","431","Kabete Sub County","","","5","0","0","0","0","0","MANUAL_REVIEW","Unresolved ward targets: 5","1723|1724|1725|1726|2292","Gitaru|Muguga|Nyadhuna Ward|Kabete Ward|Uthiru Ward"
"Trans Nzoia","432","Kiminini  Sub County","","","6","0","0","0","0","0","MANUAL_REVIEW","Unresolved ward targets: 6","1727|1728|1729|2247|2439|2440","Kiminini Ward|Waitaluk Ward|Sirende Ward|Nabiswa Ward|Hospital Ward|Sikhendu Ward"
"Nakuru","433","Subukia  Sub County","","","3","0","0","0","0","0","MANUAL_REVIEW","Unresolved ward targets: 3","1730|1778|1779","Subukia Ward|Waseges Ward|Kabazi Ward"
"Nakuru","434","Rongai  Sub County","","","5","0","0","0","0","0","MANUAL_REVIEW","Unresolved ward targets: 5","1732|1747|1800|1851|1852","Menengai West Ward|Visoi Ward|Soin Ward|Mosop Ward|Solai Ward"
"Kiambu","435","Lari Sub County","","","5","0","0","0","0","0","MANUAL_REVIEW","Unresolved ward targets: 5","1733|1734|1735|1736|2079","Kinale Ward|Nyanduma Ward|Kamburu Ward|Lari/kirenga Ward|Kijabe Ward"
"Kiambu","436","Gatundu South Sub County","","","4","0","0","0","0","0","MANUAL_REVIEW","Unresolved ward targets: 4","1737|1738|1739|1740","Kiamwangi Ward|Kiganjo Ward|Ndarugu Ward|Ngenda Ward"
"Kiambu","437","Gatundu North Sub County","","","4","0","0","0","0","0","MANUAL_REVIEW","Unresolved ward targets: 4","1741|1742|1743|1744","Gituamba Ward|Githobokoni Ward|Chania Ward|Mang'u Ward"
"Kiambu","438","Juja Sub County","","","5","0","0","0","0","0","MANUAL_REVIEW","Unresolved ward targets: 5","1745|1746|1748|1749|1750","Murera Ward|Theta Ward|Juja Ward|Witeithie Ward|Kalimoni Ward"
"Kiambu","439","Thika Town Sub County","","","5","0","0","0","0","0","MANUAL_REVIEW","Unresolved ward targets: 5","1751|1752|1753|1791|1792","Thika Township Ward|Kamenu Ward|Hospital Ward|Gatuanyaga Ward|Ngoliba Ward"
"Nakuru","440","Nakuru North  Sub County","","","5","0","0","0","0","0","MANUAL_REVIEW","Unresolved ward targets: 5","1754|1772|1789|1815|1817","Dundori Ward|Kabatini Ward|Kiamaina Ward|Lanet/umoja Ward|Bahati Ward"
"Trans Nzoia","441","Cherangany Sub County","","","7","0","0","0","0","0","MANUAL_REVIEW","Unresolved ward targets: 7","1756|1757|1758|1759|1760|2250|2441","Makutano Ward|Kaplamai Ward|Motosiet Ward|Cherangany/suwerwa Ward|Chepsiro/kiptoror Ward|Sinyerere Ward|Sitatunga Ward"
"Siaya","442","Rarieda Sub County","","","5","0","0","0","0","0","MANUAL_REVIEW","Unresolved ward targets: 5","1762|1763|1764|2165|2166","North Uyoma Ward|South Uyoma Ward|West Uyoma Ward|East Asembo Ward|West Asembo Ward"
"Kwale","443","Msambweni Sub County","","","4","0","0","0","0","0","MANUAL_REVIEW","Unresolved ward targets: 4","1765|1766|1767|1938","Ukunda Ward|Kinondo Ward|Ramisi Ward|Gombato Bongwe Ward"
"Kwale","444","Lunga Lunga Sub County","","","4","0","0","0","0","0","MANUAL_REVIEW","Unresolved ward targets: 4","1768|1769|1770|1771","Pongwe Kikoneni Ward|Dzombo Ward|Mwereni Ward|Vanga Ward"
"Kwale","445","Matuga Sub County","","","5","0","0","0","0","0","MANUAL_REVIEW","Unresolved ward targets: 5","1773|1774|1776|1777|1782","Tsimba Golini Ward|Waa Ngombeni Ward|Tiwi Ward|Kubo South Ward|Mkongani Ward"
"Elgeyo Marakwet","446","Marakwet East sub-county","","","4","0","0","0","0","0","MANUAL_REVIEW","Unresolved ward targets: 4","1780|1781|2113|2114","Kapyego Ward|Sambirir Ward|Endo Ward|Embobut/Embulot Ward"
"Kwale","447","Kinango Sub County","","","7","0","0","0","0","0","MANUAL_REVIEW","Unresolved ward targets: 7","1783|1784|1785|1786|1787|1788|1790","Ndavaya Ward|Puma Ward|Kinango Ward|Mackinon Road Ward|Chengoni/samburu Ward|Mwavumbo Ward|Kasemeni Ward"
"Kiambu","448","Ruiru Sub County","","","8","0","0","0","0","0","MANUAL_REVIEW","Unresolved ward targets: 8","1793|2080|2083|2305|2319|2320|2323|2324","Gitothua|Gatongora Ward|Kahawa Wendani Ward|Biashara Ward|Kahawa/sukari Ward|Kiuu Ward|Mwiki Ward|Mwihoko Ward"
"Bomet","449","Konoin Sub County","","","5","0","0","0","0","0","MANUAL_REVIEW","Unresolved ward targets: 5","1795|1796|1797|1798|2346","Kimulot Ward|Mogogosiek Ward|Boito Ward|Embomos Ward|Chepchabas Ward"
"Kisii","450","Bomachoge Borabu Sub County","","","4","0","0","0","0","0","MANUAL_REVIEW","Unresolved ward targets: 4","1799|2027|2028|2084","BOMBABA BORABU|Bokimonge Ward|Magenche Ward|BOOCHI BORABU"
"Nandi","451","Aldai Sub County","","","6","0","0","0","0","0","MANUAL_REVIEW","Unresolved ward targets: 6","1801|1802|1803|1804|1832|2260","Kemeloi-maraba Ward|Kobujoi Ward|Kaptumo/kaboi Ward|Koyo/ndurio Ward|Kabwareng Ward|Terik Ward"
"Nandi","452","Nandi East Sub County","","","5","0","0","0","0","0","MANUAL_REVIEW","Unresolved ward targets: 5","1805|1806|2457|2458|2459","Nandi hills Ward|Chepkunyuk Ward|Kapsimotwo Ward|Ol'lessos Ward|Kapchorua Ward"
"Tharaka Nithi","453","Igambang'ombe Sub County","","","2","0","0","0","0","0","MANUAL_REVIEW","Unresolved ward targets: 2","1809|2374","Igambang`ombe Ward|Mariani Ward"
"Nandi","454","Chesumei Sub County","","","5","0","0","0","0","0","MANUAL_REVIEW","Unresolved ward targets: 5","1810|2063|2460|2461|2462","Lelmoko/ngechek Ward|Chemundu/kapng'etunyi Ward|Kosirai Ward|Kaptel/kamoiywo Ward|Kiptuiya Ward"
"Embu","455","Mbeere North  Sub County","","","3","0","0","0","0","0","MANUAL_REVIEW","Unresolved ward targets: 3","1813|1814|2385","Muminji Ward|Evurore Ward|Nthawa Ward"
"Nandi","456","Emgwen Sub County","","","4","0","0","0","0","0","MANUAL_REVIEW","Unresolved ward targets: 4","1816|1821|1822|2463","Chepkumia Ward|Kapsabet Ward|Kilibwoni Ward|Kapkangani Ward"
"Nakuru","457","Nakuru West  Sub County","","","6","0","0","0","0","0","MANUAL_REVIEW","Unresolved ward targets: 6","1818|1825|1827|1828|1854|1855","Kaptembwo Ward|Kapkures Ward|Rhoda Ward|Shaabab Ward|Barut Ward|London Ward"
"Mombasa","458","Nyali  Sub County","","","5","0","0","0","0","0","MANUAL_REVIEW","Unresolved ward targets: 5","1823|1842|1889|1903|1904","Frere Town Ward|Kongowea Ward|Kadzandani Ward|Ziwa La Ng'ombe Ward|Mkomani Ward"
"Nyeri","459","Mathira West Sub County","","","2","0","0","0","0","0","MANUAL_REVIEW","Unresolved ward targets: 2","1824|2417","Kirimukuyu Ward|Ruguru Ward"
"Elgeyo Marakwet","460","Keiyo South Sub County","","","6","0","0","0","0","0","MANUAL_REVIEW","Unresolved ward targets: 6","1829|1830|2059|2451|2452|2453","Soy North Ward|Soy South Ward|Kabiemit Ward|Kaptarakwa Ward|Chepkorio Ward|Metkei Ward"
"Nakuru","461","Nakuru East  Sub County","","","5","0","0","0","0","0","MANUAL_REVIEW","Unresolved ward targets: 5","1831|1834|1835|1836|1890","Biashara Ward|Kivumbini Ward|Flamingo Ward|Menengai Ward|Nakuru East Ward"
"Nandi","462","Mosop Sub County","","","7","0","0","0","0","0","MANUAL_REVIEW","Unresolved ward targets: 7","1833|2189|2464|2465|2466|2467|2468","Ndalat Ward|Sangalo/kebulonik Ward|Chepterwai Ward|Kipkaren Ward|Kurgung/surungai Ward|Kabiyet Ward|Kabisaga Ward"
"Baringo","463","Tiaty West Sub County","","","7","0","0","0","0","0","MANUAL_REVIEW","Unresolved ward targets: 7","1837|1838|1839|1840|1841|2190|2193","Tirioko Ward|Kolowa Ward|Ribkwo Ward|Silale Ward|Loiyamorok Ward|Tangulbei/korossi Ward|Churo/amaya Ward"
"Laikipia","464","Laikipia West Sub County","","","6","0","0","0","0","0","MANUAL_REVIEW","Unresolved ward targets: 6","1843|1844|1845|1955|1956|2469","Marmanet Ward|Igwamiti Ward|Salama Ward|Ol-Moran Ward|Rumuruti Township Ward|Githiga Ward"
"Laikipia","465","Laikipia East Sub County","","","5","0","0","0","0","0","MANUAL_REVIEW","Unresolved ward targets: 5","1846|1847|1848|1849|2126","Ngobit Ward|Tigithi Ward|Thingithu Ward|Nanyuki Ward|Umande Ward"
"Mombasa","466","Mvita  Sub County","","","5","0","0","0","0","0","MANUAL_REVIEW","Unresolved ward targets: 5","1850|2135|2136|2137|2138","Tudor Ward|Makadara Ward-mji Wa Kale Ward|Tononoka Ward|Ganjoni Ward-shimanzi Ward|Majengo Ward"
"Kajiado","468","Kajiado Central Sub County","","","5","0","0","0","0","0","MANUAL_REVIEW","Unresolved ward targets: 5","1862|1863|1864|1865|1866","Purko Ward|Ildamat Ward|Dalalekutuk Ward|Matapato north Ward|Matapato south Ward"
"Kajiado","469","Kajiado East Sub County","","","5","0","0","0","0","0","MANUAL_REVIEW","Unresolved ward targets: 5","1867|1868|1869|1870|1871","Kaputiei north Ward|Kitengela Ward|Oloosirkon/sholinke Ward|Kenyawa-poka Ward|Imaroro Ward"
"Kajiado","470","Kajiado West Sub County","","","5","0","0","0","0","0","MANUAL_REVIEW","Unresolved ward targets: 5","1872|2131|2132|2133|2209","Keekonyokie Ward|Iloodokilani Ward|Magadi Ward|Ewuaso oonkidong'i Ward|Mosiro Ward"
"Kisumu","471","Kisumu East Sub County","","","5","0","0","0","0","0","MANUAL_REVIEW","Unresolved ward targets: 5","1873|1901|2167|2168|2169","Manyatta B Ward|Nyalenda A Ward|Kajulu Ward|Kolwa East Ward|Kolwa Central Ward"
"Kericho","472","Kipkelion West Sub County","","","4","0","0","0","0","0","MANUAL_REVIEW","Unresolved ward targets: 4","1874|1961|1962|1963","Chilchila Ward|Kunyak Ward|Kamasian Ward|Kipkelion Ward"
"Kericho","473","Bureti Sub County","","","7","0","0","0","0","0","MANUAL_REVIEW","Unresolved ward targets: 7","1881|1882|1883|1884|1885|1886|2470","Kisiara Ward|Tebesonik Ward|Cheboin Ward|Chemosot Ward|Litein Ward|Cheplanget Ward|Kapkatet Ward"
"Kericho","474","Sigowet/Soin Sub County","","","4","0","0","0","0","0","MANUAL_REVIEW","Unresolved ward targets: 4","1892|1893|1894|1895","Sigowet Ward|Kaplelartet Ward|Soliat Ward|Soin Ward"
"Mombasa","475","Likoni  Sub County","","","5","0","0","0","0","0","MANUAL_REVIEW","Unresolved ward targets: 5","1896|1905|1907|1964|1976","Shika Adabu Ward|Mtongwe Ward|Bofu Ward|Likoni Ward|Timbwani Ward"
"Kilifi","476","Kaloleni Sub County","","","4","0","0","0","0","0","MANUAL_REVIEW","Unresolved ward targets: 4","1914|1915|1916|1917","Mariakani Ward|Kayafungo Ward|Kaloleni Ward|Mwanamwinga Ward"
"Kisumu","477","Kisumu Central Sub County","","","6","0","0","0","0","0","MANUAL_REVIEW","Unresolved ward targets: 6","1919|1969|1975|1977|2175|2176","Shauri Moyo Kaloleni Ward|Market Milimani Ward|Kondele Ward|Nyalenda B Ward|Railways Ward|Migosi Ward"
"Kilifi","478","Ganze Sub County","","","4","0","0","0","0","0","MANUAL_REVIEW","Unresolved ward targets: 4","1920|1921|2143|2144","Bamba Ward|Jaribuni Ward|Ganze Ward|Sokoke Ward"
"Kilifi","479","Malindi Sub County","","","5","0","0","0","0","0","MANUAL_REVIEW","Unresolved ward targets: 5","1922|1923|1924|2145|2146","Jilore Ward|Kakuyuni Ward|Shella Ward|Ganda Ward|Malindi Town Ward"
"Kilifi","480","Magarini Sub County","","","6","0","0","0","0","0","MANUAL_REVIEW","Unresolved ward targets: 6","1925|1926|2147|2148|2149|2150","Marafa Ward|Magarini Ward|Gongoni Ward|Adu Ward|Garashi Ward|Sabaki Ward"
"Siaya","481","Ugenya Sub County","","","4","0","0","0","0","0","MANUAL_REVIEW","Unresolved ward targets: 4","1927|1928|1929|1930","West Ugenya Ward|Ukwala Ward|North Ugenya Ward|East Ugenya Ward"
"Siaya","482","Ugunja Sub County","","","3","0","0","0","0","0","MANUAL_REVIEW","Unresolved ward targets: 3","1931|1932|1933","Sidindi Ward|Sigomere Ward|Ugunja Ward"
"Siaya","483","Alego Usonga Sub County","","","6","0","0","0","0","0","MANUAL_REVIEW","Unresolved ward targets: 6","1934|1935|1936|1937|2151|2152","Usonga Ward|West Alego Ward|Central Alego Ward|Siaya Township Ward|North Alego Ward|South East Alego Ward"
"Kisumu","484","Kisumu West Sub County","","","5","0","0","0","0","0","MANUAL_REVIEW","Unresolved ward targets: 5","1940|2170|2172|2173|2174","South West Kisumu Ward|Central Kisumu Ward|North Kisumu Ward|West Kisumu Ward|North West Kisumu Ward"
"Kisii","485","Kitutu Chache South Sub County","","","5","0","0","0","0","0","MANUAL_REVIEW","Unresolved ward targets: 5","1941|1942|2181|2182|2183","Nyakoe Ward|Kisii Central Ward|Bogusero Ward|Bogeka Ward|Nyatieko Ward"
"Nairobi City","486","Westlands  Sub County","","","5","0","0","0","0","0","MANUAL_REVIEW","Unresolved ward targets: 5","1943|2184|2185|2186|2269","Parklands/highridge Ward|Karura Ward|Kangemi Ward|Mountain View Ward|Kitisuru Ward"
"Nairobi City","487","Dagoretti North Sub County","","","5","0","0","0","0","0","MANUAL_REVIEW","Unresolved ward targets: 5","1944|1945|2064|2116|2188","Kilimani Ward|Kileleshwa Ward|Kawangware Ward|Kabiro Ward|Gatina Ward"
"Baringo","488","Mogotio Sub County","","","3","0","0","0","0","0","MANUAL_REVIEW","Unresolved ward targets: 3","1946|1947|1948","Mogotio Ward|Emining Ward|Kisanana Ward"
"Baringo","489","Koibatek Sub County","","","6","0","0","0","0","0","MANUAL_REVIEW","Unresolved ward targets: 6","1949|1950|1951|1952|1953|1954","Lembus Ward|Lembus kwen Ward|Ravine Ward|Mumberes/Maji Mazuri Ward|Lembus/Perkerra Ward|Koibatek Ward"
"Nairobi City","490","Kibra  Sub County","","","5","0","0","0","0","0","MANUAL_REVIEW","Unresolved ward targets: 5","1957|2208|2214|2216|2217","Woodley/kenyatta Golf Course Ward|Laini Saba Ward|Lindi Ward|Makina Ward|Sarang'ombe Ward"
"Kericho","491","Kipkelion East Sub County","","","4","0","0","0","0","0","MANUAL_REVIEW","Unresolved ward targets: 4","1958|1959|1960|2215","Kedowa/kimugul Ward|Chepseon Ward|Tendeno/sorget Ward|Londiani Ward"
"Nairobi City","492","Roysambu  Sub County","","","5","0","0","0","0","0","MANUAL_REVIEW","Unresolved ward targets: 5","1965|1966|2218|2219|2220","Zimmerman Ward|Roysambu Ward|Githurai Ward|Kahawa West|Kahawa"
"Nairobi City","493","Kasarani  Sub County","","","5","0","0","0","0","0","MANUAL_REVIEW","Unresolved ward targets: 5","1967|1968|2221|2222|2223","Mwiki Ward|Kasarani Ward|Clay City|Njiru Ward|Ruai Ward"
"Kisumu","494","Seme Sub County","","","4","0","0","0","0","0","MANUAL_REVIEW","Unresolved ward targets: 4","1978|1979|1980|1981","West Seme Ward|Central Seme Ward|East Seme Ward|North Seme Ward"
"Kisumu","495","Nyando Sub County","","","5","0","0","0","0","0","MANUAL_REVIEW","Unresolved ward targets: 5","1982|1983|1984|1995|1996","East Kano/wawidhi Ward|Kabonyo Kanyagwal|Kobura Ward|Awasi/onjiko Ward|Ahero Ward"
"Kisumu","496","Muhoroni Sub County","","","5","0","0","0","0","0","MANUAL_REVIEW","Unresolved ward targets: 5","1985|1986|1987|1988|1989","Miwani Ward|Ombeyi Ward|Masogo/nyang'oma Ward|Chemelil Ward|Muhoroni Koru Ward"
"Kisumu","497","Nyakach Sub County","","","5","0","0","0","0","0","MANUAL_REVIEW","Unresolved ward targets: 5","1990|1991|1992|1993|1994","South West Nyakach Ward|North Nyakach Ward|Central Nyakach Ward|West Nyakach Ward|South East Nyakach Ward"
"Nyamira","498","Masaba North Sub County","","","3","0","0","0","0","0","MANUAL_REVIEW","Unresolved ward targets: 3","1997|1998|2002","Rigoma Ward|Gachuba Ward|Gesima Ward"
"Nyamira","499","Manga Sub County","","","3","0","0","0","0","0","MANUAL_REVIEW","Unresolved ward targets: 3","1999|2000|2001","Kamera Ward|Magombo Ward|Manga Ward"
"Nyamira","500","Nyamira Sub County","","","5","0","0","0","0","0","MANUAL_REVIEW","Unresolved ward targets: 5","2003|2004|2005|2006|2007","Nyamaiya Ward|Bogichora Ward|Bosamaro Ward|Bonyamatuta Ward|Township Ward"
"Nyamira","501","Nyamira North Sub County","","","5","0","0","0","0","0","MANUAL_REVIEW","Unresolved ward targets: 5","2008|2009|2010|2011|2012","Itibo Ward|Bomwagamo Ward|Bokeira Ward|Magwagwa Ward|Ekerenyo Ward"
"Nyamira","502","Borabu Sub County","","","4","0","0","0","0","0","MANUAL_REVIEW","Unresolved ward targets: 4","2013|2014|2015|2016","Mekenene Ward|Kiabonyoru Ward|Nyansiongo Ward|Esise Ward"
"Kisii","503","Bonchari  Sub County","","","4","0","0","0","0","0","MANUAL_REVIEW","Unresolved ward targets: 4","2017|2018|2019|2020","Bomariba Ward|Bogiakumu Ward|Bomorenda Ward|Riana Ward"
"Kisii","504","South Mugirango Sub County","","","6","0","0","0","0","0","MANUAL_REVIEW","Unresolved ward targets: 6","2021|2022|2023|2024|2025|2026","Tabaka Ward|Boikanga Ward|Bogetenga Ward|Borabu Chitago Ward|Moticho Ward|Getenga Ward"
"Kisii","505","Bobasi Sub County","","","8","0","0","0","0","0","MANUAL_REVIEW","Unresolved ward targets: 8","2029|2030|2031|2032|2033|2034|2035|2036","Masige West Ward|Masige East Ward|Basi Central Ward|Nyacheki Ward|Bassi Bogetaorio Ward|Bobasi Chache Ward|Sameta Mokwerero Ward|Bobasi Boitangare Ward"
"Kisii","506","Bomachoge Chache Sub County","","","3","0","0","0","0","0","MANUAL_REVIEW","Unresolved ward targets: 3","2037|2038|2039","Majoge Basi Ward|Boochi Tendere Ward|Bosoti Sengera Ward"
"Kisii","507","Nyaribari Masaba Sub County","","","5","0","0","0","0","0","MANUAL_REVIEW","Unresolved ward targets: 5","2040|2041|2042|2043|2044","Ichuni Ward|Nyamasibi Ward|Masimba Ward|Gesusu Ward|Kiamokama Ward"
"Kisii","508","Nyaribari Chache  Sub County","","","6","0","0","0","0","0","MANUAL_REVIEW","Unresolved ward targets: 6","2045|2046|2047|2048|2177|2628","Bobaracho Ward|Keumbu Ward|Kiogoro Ward|Birongo Ward|Ibeno Ward|Kisii Central Ward"
"Nairobi City","509","Embakasi East Sub County","","","5","0","0","0","0","0","MANUAL_REVIEW","Unresolved ward targets: 5","2050|2051|2052|2053|2243","Lower Savanna Ward|Embakasi Ward|Utawala Ward|Mihango Ward|Upper Savanna Ward"
"Kisii","510","Kitutu Chache North Sub County","","","4","0","0","0","0","0","MANUAL_REVIEW","Unresolved ward targets: 4","2055|2178|2179|2180","Sensi Ward|Monyerero Ward|Marani Ward|Kegogi Ward"
"Nairobi City","511","Makadara  Sub County","","","4","0","0","0","0","0","MANUAL_REVIEW","Unresolved ward targets: 4","2056|2057|2239|2246","Viwandani Ward|Harambee Ward|Makongeni Ward|Maringo/hamza Ward"
"Nairobi City","512","Kamukunji  Sub County","","","5","0","0","0","0","0","MANUAL_REVIEW","Unresolved ward targets: 5","2058|2242|2248|2249|2251","Eastleigh South Ward|Eastleigh North Ward|California Ward|Pumwani Ward|Airbase Ward"
"Nairobi City","513","Starehe  Sub County","","","6","0","0","0","0","0","MANUAL_REVIEW","Unresolved ward targets: 6","2065|2066|2253|2261|2262|2263","Landimawe Ward|Nairobi South Ward|Nairobi Central Ward|Ngara Ward Ward|Pangani Ward|Ziwani/kariokor"
"Nairobi City","514","Mathare  Sub County","","","6","0","0","0","0","0","MANUAL_REVIEW","Unresolved ward targets: 6","2067|2264|2265|2266|2267|2268","Huruma Ward|Hospital Ward|Mabatini Ward|Ngei Ward|Mlango Kubwa|Kiamaiko Ward"
"Narok","515","Transmara East Sub County","","","4","0","0","0","0","0","MANUAL_REVIEW","Unresolved ward targets: 4","2076|2077|2078|2283","Iikerin Ward|Ololmasani Ward|Mogondo Ward|Kapsasian Ward"
"Tharaka Nithi","516","Tharaka North Sub County","","","2","0","0","0","0","0","MANUAL_REVIEW","Unresolved ward targets: 2","2081|2082","Gatunga Ward|Mukothima Ward"
"Tana River","517","Garsen Sub County","","","6","0","0","0","0","0","MANUAL_REVIEW","Unresolved ward targets: 6","2085|2086|2350|2351|2352|2363","Kipini east Ward|Garsen south Ward|Kipini west Ward|Garsen central Ward|Garsen west Ward|Garsen north Ward"
"Mandera","518","BANISSA","","","5","0","0","0","0","0","MANUAL_REVIEW","Unresolved ward targets: 5","2087|2088|2348|2349|2357","BANISSA|DERKHALE|GUBA|MALKAMARI|KILIWAHERI"
"Isiolo","519","Merti Sub County","","","2","0","0","0","0","0","MANUAL_REVIEW","Unresolved ward targets: 2","2090|2091","CHARI|CHERAB"
"Isiolo","520","Garbatulla Sub County","","","3","0","0","0","0","0","MANUAL_REVIEW","Unresolved ward targets: 3","2095|2096|2097","GARBATULLA|KINNA|SERICHO"
"Mandera","521","LAFEY","","","5","0","0","0","0","0","MANUAL_REVIEW","Unresolved ward targets: 5","2105|2106|2107|2108|2109","LIBEHIA|FINO|LAFEY|WARANKARA|ALANGO GOF"
"Turkana","522","Turkana East Sub County","","","3","0","0","0","0","0","MANUAL_REVIEW","Unresolved ward targets: 3","2112|2427|2428","Kapedo/napeitom Ward|Katilia Ward|Lokori/kochodin Ward"
"Elgeyo Marakwet","523","Marakwet West Sub County","","","6","0","0","0","0","0","MANUAL_REVIEW","Unresolved ward targets: 6","2115|2442|2443|2444|2445|2446","Lelan Ward|Sengwer Ward|Cherangany  Ward|Moiben Kuserwo Ward|Kapsowar Ward|Arror Ward"
"Nairobi City","524","Dagoretti South Sub County","","","5","0","0","0","0","0","MANUAL_REVIEW","Unresolved ward targets: 5","2117|2118|2119|2120|2121","Mutu-ini Ward|Ngando Ward|Riruta Ward|Uthiru/ruthimitu Ward|Waithaka Ward"
"Nairobi City","525","Langata  Sub County","","","5","0","0","0","0","0","MANUAL_REVIEW","Unresolved ward targets: 5","2122|2191|2192|2200|2207","Karen Ward|Nairobi West Ward|Mugumo-ini Ward|South C Ward|Nyayo Highrise Ward"
"Baringo","526","Baringo Central Sub County","","","5","0","0","0","0","0","MANUAL_REVIEW","Unresolved ward targets: 5","2123|2199|2201|2202|2203","Sacho Ward|Kabarnet Ward|Tenges Ward|Ewalel/chapchap Ward|Kapropita Ward"
"Baringo","527","Marigat Sub County","","","4","0","0","0","0","0","MANUAL_REVIEW","Unresolved ward targets: 4","2124|2204|2205|2206","Mukutani Ward|Marigat Ward|Iichamus Ward|Mochongoi Ward"
"Kajiado","528","Loitokitok Sub County","","","5","0","0","0","0","0","MANUAL_REVIEW","Unresolved ward targets: 5","2125|2210|2211|2212|2213","Kimana Ward|Entonet/lenkism Ward|Imbrikani/eselelnkei Ward|Kuku Ward|Rombo Ward"
"Laikipia","529","Laikipia North Sub County","","","4","0","0","0","0","0","MANUAL_REVIEW","Unresolved ward targets: 4","2127|2128|2129|2130","Sosian Ward|Segera Ward|Mugogodo West Ward|Mugogodo East Ward"
"Siaya","530","Gem Sub County","","","6","0","0","0","0","0","MANUAL_REVIEW","Unresolved ward targets: 6","2153|2154|2155|2156|2157|2158","North Gem Ward|West Gem Ward|Central Gem Ward|Yala Township Ward|East Gem Ward|South Gem Ward"
"Siaya","531","Bondo Sub County","","","6","0","0","0","0","0","MANUAL_REVIEW","Unresolved ward targets: 6","2159|2160|2161|2162|2163|2164","West Yimbo Ward|Central Sakwa Ward|South Sakwa Ward|Yimbo East Ward|West Sakwa Ward|North Sakwa Ward"
"Baringo","532","Baringo North Sub County","","","5","0","0","0","0","0","MANUAL_REVIEW","Unresolved ward targets: 5","2194|2195|2196|2197|2198","Barwessa Ward|Kabartonjo Ward|Saimoi/kipsaraman Ward|Saimo/soi Ward|Bartabwa Ward"
"Nairobi City","533","Embakasi North Sub County","","","5","0","0","0","0","0","MANUAL_REVIEW","Unresolved ward targets: 5","2227|2231|2232|2233|2234","Dandora Area Iv Ward|Kariobangi North Ward|Dandora Area I Ward|Dandora Area Ii Ward|Dandora Area Iii Ward"
"Nairobi City","534","Embakasi West Sub County","","","4","0","0","0","0","0","MANUAL_REVIEW","Unresolved ward targets: 4","2229|2237|2244|2245","Umoja I Ward|Umoja Ii Ward|Mowlem Ward|Kariobangi South Ward"
"Nairobi City","535","Embakasi Central Sub County","","","5","0","0","0","0","0","MANUAL_REVIEW","Unresolved ward targets: 5","2235|2236|2238|2240|2241","Kayole North Ward|Kayole Central Ward|Kayole South Ward|Komarock Ward|Matopeni/spring Valley Ward"
"Garissa","536","Dadaab Sub County","","","6","0","0","0","0","0","MANUAL_REVIEW","Unresolved ward targets: 6","2254|2255|2256|2257|2258|2259","Dertu Ward|Dadaab Ward|LABISGALE Ward|Damajale Ward|Liboi Ward|Abakaile Ward"
"Murang'a","537","Kangema Sub County","","","3","0","0","0","0","0","MANUAL_REVIEW","Unresolved ward targets: 3","2270|2271|2272","Kanyenya-ini Ward|Muguru Ward|Rwathia Ward"
"Uasin Gishu","538","Kesses Sub County","","","4","0","0","0","0","0","MANUAL_REVIEW","Unresolved ward targets: 4","2278|2279|2280|2281","Racecourse Ward|Cheptiret/kipchamo Ward|Tulwet/chiyat Ward|Tarakwa Ward"
"Kiambu","539","Kikuyu Sub County","","","5","0","0","0","0","0","MANUAL_REVIEW","Unresolved ward targets: 5","2293|2294|2295|2296|2297","Karai|Nachu Ward|Sigona Ward|Kikuyu Ward|Kinoo"
"Kiambu","540","Limuru Sub County","","","5","0","0","0","0","0","MANUAL_REVIEW","Unresolved ward targets: 5","2298|2299|2300|2301|2302","Bibirioni Ward|Limuru Central Ward|Ndeiya Ward|Limuru East Ward|Ngecha Tigoni Ward"
"Tharaka Nithi","541","Tharaka South Sub County","","","3","0","0","0","0","0","MANUAL_REVIEW","Unresolved ward targets: 3","2306|2307|2308","Nkondi Ward|Chiakagira Ward|Marimanti Ward"
"Embu","542","Manyatta  Sub County","","","7","0","0","0","0","0","MANUAL_REVIEW","Unresolved ward targets: 7","2309|2310|2311|2312|2313|2314|2315","Ruguru-Ngandori Ward|Kithimu Ward|Nginda Ward|Mbeti north Ward|Kirimari Ward|Gaturi south Ward|Gaturi north Ward"
"Embu","543","Runyenjes  Sub County","","","5","0","0","0","0","0","MANUAL_REVIEW","Unresolved ward targets: 5","2316|2317|2318|2378|2379","Kaagari South Ward|Central ward|Kaagari North Ward|Kyeni north Ward|Kyeni south Ward"
"Bomet","544","Sotik Sub County","","","5","0","0","0","0","0","MANUAL_REVIEW","Unresolved ward targets: 5","2326|2327|2328|2329|2330","Ndanai/abosi Ward|Chemagel Ward|Kipsonoi Ward|Kapletundo Ward|Rongena/manaret Ward"
"Bomet","545","Chepalungu Sub County","","","5","0","0","0","0","0","MANUAL_REVIEW","Unresolved ward targets: 5","2331|2332|2333|2334|2335","Kong'asis Ward|Nyangores Ward|Sigor Ward|Chebunyo Ward|Siongiroi Ward"
"Bomet","546","Bomet East Sub County","","","5","0","0","0","0","0","MANUAL_REVIEW","Unresolved ward targets: 5","2336|2337|2338|2339|2340","Merigi Ward|Kembu Ward|Longisa Ward|Kipreres  Ward|Chemaner Ward"
"Bomet","547","Bomet Central Sub County","","","5","0","0","0","0","0","MANUAL_REVIEW","Unresolved ward targets: 5","2341|2342|2343|2344|2345","Silibwet Township Ward|Ndaraweta Ward|Singorwet Ward|Chesoen Ward|Mutarakwa  Ward"
"Tharaka Nithi","548","Chuka Sub County","","","3","0","0","0","0","0","MANUAL_REVIEW","Unresolved ward targets: 3","2375|2376|2377","Karingani Ward|Magumoni Ward|Mugwe Ward"
"Embu","549","Mbeere South  Sub County","","","5","0","0","0","0","0","MANUAL_REVIEW","Unresolved ward targets: 5","2380|2381|2382|2383|2384","Mwea Ward|Makima Ward|Mbeti south Ward|Mavuria Ward|Kiambere Ward"
"Nyeri","550","Tetu Sub County","","","3","0","0","0","0","0","MANUAL_REVIEW","Unresolved ward targets: 3","2406|2407|2408","Dedan kimathi Ward|Wamagana Ward|Aguthi-gaaki Ward"
"Nyeri","551","Kieni West Sub County","","","4","0","0","0","0","0","MANUAL_REVIEW","Unresolved ward targets: 4","2409|2411|2412|2413","Mweiga Ward|Mwiyogo/endarasha Ward|Mugunda Ward|Gatarakwa Ward"
"Nyeri","552","Kieni East Sub County","","","4","0","0","0","0","0","MANUAL_REVIEW","Unresolved ward targets: 4","2410|2414|2415|2416","Naromoru/kiamathaga Ward|Thegu river Ward|Kabaru Ward|Gakawa Ward"
"West Pokot","553","Pokot South Sub County","","","4","0","0","0","0","0","MANUAL_REVIEW","Unresolved ward targets: 4","2430|2431|2432|2433","Chepareria Ward|Batei Ward|Lelan Ward|Tapach Ward"
"Elgeyo Marakwet","554","Keiyo North Sub County","","","4","0","0","0","0","0","MANUAL_REVIEW","Unresolved ward targets: 4","2447|2448|2449|2450","Kamariny Ward|Emsoo Ward|Tambach Ward|Kapchemutwa Ward"
"Nandi","555","Tinderet Sub County","","","3","0","0","0","0","0","MANUAL_REVIEW","Unresolved ward targets: 3","2454|2455|2456","Songhor/Soba Ward|Tinderet Ward|Chemelil/chemase Ward"
"Kajiado","1478","Kajiado North","","","5","1","1","0","0","0","MANUAL_REVIEW","Unresolved ward targets: 5","1857|1858|1859|1860|1861","Olkeri Ward|Ongata rongai Ward|Nkaimurunya Ward|Oloolua Ward|Ngong Ward"